Numero,Fecha_ult,Fecha_pres,Estado,Titulo_de_proyecto,Proponente,Grupo_parlamentario,Sumilla,Autores,Seguimiento
06893/2020-CR,,12/30/2020,Presentado,"LEY QUE OTORGA EL TITULO HONORÍFICO DE HÉROE NACIONAL AL OFICIALDE MAR DE SEEGUNDA-INFANTERÍA DE MARINA OM2 IMAP  GUSTAVO MANUEL VALLADARES NEYRA, FALLECIDO EN LA LUCHA CONTRA EL NARCOTERRORISMO EN LA REGIÓN JUNÍN, EN EL VALLE DE LOS RÍOS APURÍMAC, ENE Y MANTARO (VRAEM)",Congreso,Acción Popular," Propone otorgar el Título Honorífico de Héroe Nacional al Oficial  Infante de Marina del Perú Gustavo Manuel Valladares Neyra, fallecido en la lucha contra el narcoterrorismo en la región Junín, en el Valle de los Ríos Apurímac, Ene y Mantaro (Vraem). "," Merino De Lama  Manuel,Burga Chuquipiondo  Ricardo Miguel,Guibovich Arteaga  Otto Napoleón,Pérez Ochoa  Carlos Andrés,Rivera Guerra  Walter Jesús,Saavedra Ocharán  Mónica Elizabeth ",  
06892/2020-CR,,12/30/2020,Presentado,LEY QUE DECLARA LA INTANGIBILIDAD Y EN EMERGENCIA LA CUENCA DEL LAGO TITICACA Y OTRAS CUENCAS APORTANTES Y/O TRIBUTARIAS,Congreso,Nueva Constitución, Propone declarar la intangibilidad y en emergencia la cuenca del Lago Titicaca y otras cuencas aportantes y/o tributarias ," Arapa Roque  Jesús Orlando,Bartolo Romero  María Isabel,Chaiña Contreras  Hipólito,Mamani Barriga  Jim Ali,Ramos Zapana  Rubén ",  
06891/2020-CR,,12/30/2020,Presentado,LEY QUE PROHIBE LA APROBACIÓN Y EJECUCIÓN DE PROYECTOS DE INVERSIÓN CUANDO NO TENGA OPINION FAVORABLE DE LAS REGIONES AFECTADAS DIRECTA O INDIRECTAMENTE AL PROYECTO Y ENTIDAD TÉCNICA DE LOS ORGANOS CONSTITUIDOS POR ACUERDOS BINACIONALES Y/O ANÁLOGOS Y AQUELLOS PROYECTOS DE INVERSIÓN QUE NO TIENE APROBACIÓN DE CONSULTA PREVIA NI ESTUDIO AMBIENTAL,Congreso,Nueva Constitución, Propone prohibir la aprobación y ejecución de proyectos de inversión cuando no se tenga opinión favorable de las Regiones afectadas directa o indirectamente al proyecto y entidad técnica de los órganos constituidos por acuerdos binacionales y/o análogos y aquellos proyectos de inversión que no tienen aprobación de consulta previa ni estudio ambiental ," Arapa Roque  Jesús Orlando,Bartolo Romero  María Isabel,Chaiña Contreras  Hipólito,Mamani Barriga  Jim Ali,Ramos Zapana  Rubén ",  
06890/2020-CR,,12/30/2020,Presentado,"LEY QUE MODIFICA EL ARTÍCULO 115 DE LA LEY 30220, LEY UNIVERSITARIA",Congreso,Nueva Constitución," Propone modificar el artículo 115 de la Ley 30220, Ley Universitaria con respecto a las universidades privadas que no cumplan con los requisitos exigidos por la Superintendencia Nacional de Educación Superior Universitaria (SUNEDU) para su licenciamiento. "," Ramos Zapana  Rubén,Arapa Roque  Jesús Orlando,Bartolo Romero  María Isabel,Chaiña Contreras  Hipólito,Mamani Barriga  Jim Ali ",  
06889/2020-CR,,12/30/2020,Presentado,LEY QUE AUTORIZA EL ACCESO DE LOS PROFESIONALES Y OTROS A LAS GARANTIAS QUE OTORGA EL PROGRAMA REACTIVA PERÚ,Congreso,Nueva Constitución, Propone autorizar el acceso de los profesionales y otros a las garantías que otorga el programa Reactiva  Perú ," Arapa Roque  Jesús Orlando,Bartolo Romero  María Isabel,Chaiña Contreras  Hipólito,Mamani Barriga  Jim Ali,Ramos Zapana  Rubén ",  
06888/2020-CR,,12/30/2020,Presentado,"LEY QUE MODIFICA LA DÉCIMA SEGUNDA DISPOSICIÓN COMPLEMENTARIA FINAL DE LA LEY 30220, LEY UNIVERSITARIA E INCORPORA A LA ASOCIACIÓN NACIONAL DE UNIVERSIDADES PÚBLICAS DEL PERÚ (ANUPP) COMO MIEMBRO DE LAS COMISIONES REORGANIZADORAS DE UNIVERSIDADES PÚBLICAS Y DE LAS UNIVERSIDADES PRIVADAS ASOCIATIVAS CREADAS POR LEY, CON LICENCIA INSTITUCIONAL DENEGADA",Congreso,Nueva Constitución," Propone modificar la Décima Segunda Disposición Complementaria Final de la Ley 30220, Ley Universitaria e incorpora a la Asociación Nacional de Universidades Públicas del Perú (ANUPP) como miembro de las Comisiones Reorganizadoras de Universidades Públicas y de las Universidades Privadas asociativas creadas por ley, con licencia institucional denegadas. "," Ramos Zapana  Rubén,Arapa Roque  Jesús Orlando,Bartolo Romero  María Isabel,Chaiña Contreras  Hipólito,Mamani Barriga  Jim Ali ",  
06887/2020-CR,,12/30/2020,Presentado,LEY QUE FORTALECE EL SERVICIO DE SERENAZGO MUNICIPAL,Congreso,Alianza Para el Progreso," Propone establecer el servicio de serenazgo a nivel nacional existentes en las diversas municipalidades provinciales, distritales y de centros poblados, conforme a Ley. "," Pérez Mimbela  Jhosept Amado,Carcausto Huanca  Irene,Combina Salvatierra  Cesar Augusto,Condori Flores  Julio Fredy,Quispe Suárez  Mario Javier,Rodas Malca  Tania Rosalia,Santillana Paredes  Robertina ",  
06886/2020-CR,,12/30/2020,Presentado,"LEY QUE INCORPORA LA ESCUELA NACIONAL DE MARINA MERCANTE """"ALMIRANTE MIGUEL GRAU"""" EL SECTOR EDUCACIÓN",Congreso,Unión por el Perú," Propone incorporar la Escuela Nacional de Marina Mercante""""Almirante Miguel Grau"""" al sector Educació "," Mendoza Marquina  Javier,Vega Antonio  José Alejandro,Apaza Quispe  Yessica Marisela,Chagua Payano  Posemoscrowte Irrhoscopt,Lozano Inostroza  Alexander,Pantoja Calvo  Ruben ",  
06885/2020-CR,,12/29/2020,Presentado,LEY QUE INCENTIVA LA CREACIÓN DE FILIALES PARA UNIVERSIDADES PÚBLICAS LICENCIADAS,Congreso,"Frente Amplio por Justicia, Vida y Libertad"," Propone incentivar la creación de filiales de universidades públicas licenciadas, modificando la Ley 30220 - Ley universitaria, y las Leyes 27506, 24300 y 27763, relacionada al Canon y a fin que se utilice los recursos del Canon minero, hidroenergético, gasífero, pesquero, forestal y petrolero. De esta manera se incentiva y mejora la calidad de la educación universitaria pública. "," Ancalle Gutierrez  José Luis,Bazán Villanueva  Lenin Fernando,Fernández Chacón  Carlos Enrique,Montoya Guivin  Absalón,Quispe Apaza  Yvan,Silva Santisteban Manrique  Rocío Yolanda Angélica ",  
06884/2020-CR,,12/29/2020,Presentado,LEY QUE INCORPORA EL ÁRBOL DE LA QUINA EN LAS INSTITUCIONES PÚBLICAS Y PRIVADAS COMO IDENTIDAD NACIONAL DEL PLAN BICENTENARIO DEL PERÚ RUMBO AL 2021,Congreso,Frente Popular Agrícola del Perú, Propone incorporar el árbol de la quina en las instituciones públicas y privadas como identidad nacional del plan bicentenario del Perú rumbo al 2021 ," Núñez Marreros  Jesús del Carmen,Ayquipa Torres  Julia Benigna,Benites Agurto  Alfredo,Cayllahua Barrientos  Wilmer,Gutarra Ramos  Robledo Noé,Machaca Mamani  Raúl,Pineda Santos  Isaías,Rayme Marín  Alcides ",  
06883/2020-CR,,12/29/2020,Presentado,"LEY QUE MODIFICA LA LEY 27037 SOBRE PROMOCIÓN DE LA INVERSIÓN EN LA AMAZONÍA, QUE INCORPORANDO UNA DÉCIMA DISPOSICIÓN COMPLEMENTARIA,QUE EXONERA TEMPORALMENTE EL PAGO DEL IGV SOBRE SERVICIOS DE ENERGÍA ELÉCTRICA Y TELECOMUNICACIONES, POR EL COVID 19",Congreso,Acción Popular," Propone modificar la Ley 27037 sobre promoción de la inversión en la amazonía, incorporando una décima disposición complementaria, que exonera temporalmente el pago del IGV sobre los servicios de energía eléctrica y telecomunicaciones, por el Covid-19 "," Llaulli Romero  Freddy,Aguilar Zamora  Manuel,Bajonero Olivas  Wilmer Solis,Durand Bustamante  Kenyon Eduardo,Fabián Díaz  Yessy Nélida,García Oviedo  Paul Gabriel,Simeón Hurtado  Luis Carlos ",  
06882/2020-CR,,12/29/2020,Presentado,"LEY QUE CREA LA ZONA ECONÓMICA DE DESARROLLO-ZED ISLAY AREQUIPA, EN LA PROVINCIA DE ISLAY-AREQUI´PARA LA REACTIVACIÓN ECONÓMICA DEL DEPARTAMENTO DE AREQUIPA",Congreso,Acción Popular, Propone ley que crea la zona económica de desarroillo-ZED Islay Arequipa en la provincia de Islay-Arequipa para la reactivación económica del departamento de Arequipa. ," Llaulli Romero  Freddy,Aguilar Zamora  Manuel,Bajonero Olivas  Wilmer Solis,Durand Bustamante  Kenyon Eduardo,Fabián Díaz  Yessy Nélida,García Oviedo  Paul Gabriel,Simeón Hurtado  Luis Carlos ",  
06881/2020-CR,,12/29/2020,Presentado,"LEY QUE MODIFICA LA LEY 27687, LEY ORGÁNICA DE GOBIERNOS REGIONALES, Y LA LEY 27972, LEY ORGÁNICA DE MUNICIPALIDADES, PARA ADECUARLAS A LA LEY 31042, QUE INCORPORÓ EL ARTÍCULO 34-A EN LA CONSTITUCIÓN POLÍTICA DE 1993",Congreso,Partido Morado," Propone modificar la Ley 27687, Ley Orgánica de Gobiernos Regionales, y la Ley 27972, Ley Orgánica de Municipalidades, para adecuarlas a la Ley 31042, que incorporó el artículo 34-A en la Constitución Política de 199 "," Lizárraga Houghton  Carolina,Olivares Cortes  Daniel Federico,Núñez Salas  José Antonio,Palomino Saavedra  Angélica María,Gonzales Santos  Miguel Angel,Solis Gutiérrez  Zenaida ",  
06880/2020-CR,,12/29/2020,Presentado,"LEY QUE DECLARA NECESIDAD PÚBLICA E INTERÉS NACIONAL LA CONSTRUCCIÓN Y EQUIPAMIENTO DE LA NUEVA INFRAESTRUCTURA DEL HOSPITAL DEL DISTRITO Y PROVINCIA DE SANDIA, DEPARTAMENTO DE PUNO",Congreso,Nueva Constitución," Propone declarar necesidad pública e interés nacional la construcción y equipamiento de la nueva infraestructura del hospital del distrito y provincia de Sandia, departamento de Puno "," Arapa Roque  Jesús Orlando,Ramos Zapana  Rubén,Chaiña Contreras  Hipólito,Bartolo Romero  María Isabel,Mamani Barriga  Jim Ali ",  
06879/2020-CR,,12/29/2020,Presentado,"LEY QUE DECLARA NECESIDAD PÚBLICA E INTERÉS NACIONAL LA CONSTRUCCIÓN Y EQUIPAMIENTO DE LA NUEVA INFRAESTRUCTURA DEL HOSPITAL """"CARLOS CORNEJO ROSELLÓ VIZCARDO"""" DEL DISTRITO Y PROVINCIA DE AZÁNGARO, DEPARTAMENTO DE PUNO",Congreso,Nueva Constitución," Propone declarar necesidad pública e interés nacional la construcción y equipamiento de la nueva infraestructura del hospital Carlos Cornejo Roselló Vizcardo del distrito y provincia de Azángaro, departamento de Puno "," Arapa Roque  Jesús Orlando,Bartolo Romero  María Isabel,Chaiña Contreras  Hipólito,Mamani Barriga  Jim Ali,Ramos Zapana  Rubén ",  
06878/2020-CR,,12/29/2020,Presentado,"LEY QUE PRORROGA LA VIGENCIA DE LA LEY 29721 LEY DE PROMOCIÓN TURÍSTICA QUE AMPLÍA LOS BENEFICIOS DE LA LEY 29285 PARA EL DEPARTAMENTO DE MADRE DE DIOS, PARA LOS VUELOS DESDE Y HACIA EL AEROPUERTO PADRE JOSÉ ALDAMIZ, DISTRITO Y PROVINCIA DE TAMBOPATA, DEPARTAMENTO DE MADRE DE DIOS",Congreso,Multipartidario," Propone prorrogar la vigencia de la Ley 29721 Ley de Promoción Turística que amplía los beneficios de la Ley 29285 para el departamento de Madre de Dios, para los vuelos desde y hacia el aeropuerto Padre José Aldamiz, distrito y provincia de Tambopata, departamento de Madre de Dio "," Lozano Inostroza  Alexander,Vega Antonio  José Alejandro,Apaza Quispe  Yessica Marisela,Maquera Chavez  Héctor Simon,Pantoja Calvo  Ruben,Ramos Zapana  Rubén ",  
06877/2020-CR,,12/29/2020,Presentado,LEY QUE FACULTA AL TRABAJADOR EL RETIRO DEL 100% DE SU COMPENSACIÓN POR TIEMPO DE SERVICIOS (CTS) Y SU DECLARATORIA DE LIBRE DISPONIBILIDAD,Congreso,Nueva Constitución," Propone facultar al trabajador el retiro del 100% de su Compensación por Tiempo de Servicio (CTS) y su declaratoria de libre disponibilidad, "," Arapa Roque  Jesús Orlando,Bartolo Romero  María Isabel,Chaiña Contreras  Hipólito,Mamani Barriga  Jim Ali,Ramos Zapana  Rubén ",  
06876/2020-CR,12/30/2020,12/29/2020,Decretado a...,"LEY QUE DISPONE PRORROGAR LA VIGENCIA DE LOS SEGUROS OBLIGATORIO CONTRA ACCIDENTES DE TRÁNSITO (SOAT) Y LOS CERTIFICADOS CONTRA ACCIDENTES DE TRÁNSITO (CAT) HASTA EL 31 DE DICIEMBRE DE 2021, QUE SE HAYAN VENCIDO DURANTE LA DECLARACIÓN DE LA EMERGENCIA NACIONAL PRODUCIDA POR EL COVID-19",Congreso,Nueva Constitución," Propone prorrogar la vigencia de los seguros obligatorios contra accidentes de tránsito (SOAT) y los certificados contra accidentes de tránsitos (CAT) hasta el 31 de diciembre de 2021, que se hayan vencido durante la declaración de la emergencia nacional producida por el Covid - 19 "," Arapa Roque  Jesús Orlando,Bartolo Romero  María Isabel,Chaiña Contreras  Hipólito,Mamani Barriga  Jim Ali,Ramos Zapana  Rubén "," 30/12/2020 Decretado a... Transportes y Comunicaciones
30/12/2020 Decretado a... Defensa del Consumidor y Organismos Reguladores de los Servicios Públicos "
06875/2020-CR,12/30/2020,12/29/2020,Decretado a...,LEY QUE PROHIBE QUE LOS FUNCIONARIOS Y/O SERVIDORES PÚBLICOS PERCIBAN UNA REMUNERACIÓN SUPERIOR A LA DEL PRESIDENTE DE LA REPÚBLICA QUIEN NO DEBERÁ PERCIBIR UNA REMUNERACIÓN MAYOR A 4 UITs. Y OTRAS DISPOSICIONES,Congreso,Nueva Constitución, Propone prohíbIr que los funcionarios y/o servidores públicos perciban una remuneración superior a la del Presidente de la República quien no deberá percibir una remuneración mayor a 4 UITs y otras disposiciones. ," Arapa Roque  Jesús Orlando,Bartolo Romero  María Isabel,Chaiña Contreras  Hipólito,Mamani Barriga  Jim Ali,Ramos Zapana  Rubén ", 30/12/2020 Decretado a... Constitución y Reglamento 
06874/2020-CR,12/30/2020,12/29/2020,Decretado a...,LEY QUE DISPONE EL COBRO DE UNA DEUDA TRIBUTARIA POR PARTE DE LA SUNAT CUANDO SU DEUDA SUPERE LAS 10 UITs,Congreso,Nueva Constitución, Propone ley que disponer el cobro de una deuda tributaria por parte de la Sunat cuando su deuda supere las 10 UITs ," Arapa Roque  Jesús Orlando,Bartolo Romero  María Isabel,Chaiña Contreras  Hipólito,Mamani Barriga  Jim Ali,Ramos Zapana  Rubén "," 30/12/2020 Decretado a... Economía, Banca, Finanzas e Inteligencia Financiera "
06873/2020-CR,12/30/2020,12/29/2020,Decretado a...,LEY DE AUTORIZA EL NOMBRAMIENTO EXTRAORDINARIO DE LOS DOCENTES CONTRATADOS DE EDUCACIÓN SUPERIOR UNIVERSITARIA,Congreso,Nueva Constitución, Propone autorizar el nombramiento extraordinario de los docentes contratados de educación superior universitaria ," Arapa Roque  Jesús Orlando,Bartolo Romero  María Isabel,Chaiña Contreras  Hipólito,Mamani Barriga  Jim Ali,Ramos Zapana  Rubén "," 30/12/2020 Decretado a... Educación, Juventud y Deporte
30/12/2020 Decretado a... Presupuesto y Cuenta General de la República "
06872/2020-CR,12/30/2020,12/29/2020,Decretado a...,LEY DE REFORMA CONSTITUCIONAL QUE MODIFICA EL ARTÍCULO 62 DE LA CONSTITUCIÓN POLÍTICA DEL PERU,Congreso,Nueva Constitución," Propone modificar el artículo 62 de la Constitución Política, con la finalidad que le permita al Estado Peruano tomar acciones en las relaciones contractuales frente a situaciones excepcionales. "," Arapa Roque  Jesús Orlando,Bartolo Romero  María Isabel,Chaiña Contreras  Hipólito,Mamani Barriga  Jim Ali,Ramos Zapana  Rubén ", 30/12/2020 Decretado a... Constitución y Reglamento 
06871/2020-CR,12/30/2020,12/29/2020,Decretado a...,"LEY QUE DECLARA DE NECESIDAD PÚBLICA Y DE PREFERENTE INTERÉS NACIONAL LA REUBICACIÓN Y NUEVA CONSTRUCCIÓN DEL AEROPUERTO INTERNACIONAL """"INCA MANCO CÁPAC"""" DE JULIACA",Congreso,Nueva Constitución," Propone declarar de necesidad pública y de preferente interés nacional la reubicación y nueva construcción del aeropuerto internacional """"Inca Manco Cápac"""" de Juliaca "," Arapa Roque  Jesús Orlando,Bartolo Romero  María Isabel,Chaiña Contreras  Hipólito,Mamani Barriga  Jim Ali,Ramos Zapana  Rubén ", 30/12/2020 Decretado a... Transportes y Comunicaciones 
06870/2020-CR,12/30/2020,12/29/2020,Decretado a...,"LEY QUE DECLARA DE INTERÉS NACIONAL Y NECESIDAD PÚBLICA LA CONSTRUCCIÓN DEL ASFALTADO DE LA CARRETERA PUTINA - SANDIA - SAN JUAN DEL ORO - FRONTERA CON BOLIVIA (SAN IGNACIO), UBICADA EN LA RUTA NACIONAL PE-34 H, EN LA PROVINCIAS DE SAN ANTONIO DE PUTINA Y SANDIAI DEL DEPARTAMENTO DE PUNO",Congreso,Nueva Constitución," Propone declarar de interés nacional y necesidad pública la construcción del asfaltado de la carretera Putina - Sandia - San Juan del Oro - frontera con Bolivia (San Ignacio), ubicada en la ruta nacional PE-34 H, en las provincias  de San Antonio de Putina y Sandia del departamento de Puno. "," Arapa Roque  Jesús Orlando,Bartolo Romero  María Isabel,Chaiña Contreras  Hipólito,Mamani Barriga  Jim Ali,Ramos Zapana  Rubén ", 30/12/2020 Decretado a... Transportes y Comunicaciones 
06869/2020-CR,12/29/2020,12/28/2020,En comisión,LEY QUE ESTABLECE EL BENEFICIO DE DEUDAS NO TRIBUTARIAS DURANTE EL ESTADO DE EMERGENCIA NACIONAL EN EL MARCO DEL COVID 19,Congreso,Alianza Para el Progreso, Propone establecer el beneficio de deudas no tributarias durante el estado de emergencia nacional en el marco del COVID 19 ," Condori Flores  Julio Fredy,Chehade Moya  Omar Karim,Carcausto Huanca  Irene,Combina Salvatierra  Cesar Augusto,Pérez Espíritu  Lusmila,Puño Lecarnaque  Napoleón,Rivas Ocejo  Perci "," 29/12/2020 Decretado a... Economía, Banca, Finanzas e Inteligencia Financiera
29/12/2020 Decretado a... Presupuesto y Cuenta General de la República
29/12/2020 En comisión Economía, Banca, Finanzas e Inteligencia Financiera
29/12/2020 En comisión Presupuesto y Cuenta General de la República "
06868/2020-CR,12/29/2020,12/28/2020,En comisión,"LEY QUE MODIFICA EL ARTÍCULO 2 LITERAL F) SUB LITERAL F.3.) DE LA LEY 30493, LEY QUE REGULA LA POLITICA REMUNERATIVA DEL AUXILIAR DE EDUCACIÓN",Congreso,Alianza Para el Progreso," Propone modificar el artículo 2 literal f) sub literal f.3.) de la Ley 30493, Ley que regula la política remunerativa del auxiliar de educación. "," Condori Flores  Julio Fredy,Carcausto Huanca  Irene,Combina Salvatierra  Cesar Augusto,Pérez Espíritu  Lusmila,Puño Lecarnaque  Napoleón,Rivas Ocejo  Perci,Santillana Paredes  Robertina "," 29/12/2020 Decretado a... Trabajo y Seguridad Social
29/12/2020 Decretado a... Presupuesto y Cuenta General de la República
29/12/2020 En comisión Trabajo y Seguridad Social
29/12/2020 En comisión Presupuesto y Cuenta General de la República "
06867/2020-CR,12/30/2020,12/28/2020,En comisión,"LEY QUE DECLARA DE INTERÉS NACIONAL Y NECESIDAD PÚBLICA LA CREACIÓN DEL DISTRITO DE SAUSAL, EN LA PROVINCIA DE ASCOPE, DEL DEPARTAMENTO DE LA LIBERTAD",Congreso,Frente Popular Agrícola del Perú," Propone declarar de interés nacional y necesidad pública la creación del distrito de Sausal, en la provincia de Ascope, del departamento de La Libertad "," Núñez Marreros  Jesús del Carmen,Benites Agurto  Alfredo,Cayguaray Gambini  Luz Milagros,Cayllahua Barrientos  Wilmer,Gutarra Ramos  Robledo Noé,Huamaní Machaca  Nelly,Pineda Santos  Isaías,Rayme Marín  Alcides "," 29/12/2020 Decretado a... Descentralización, Regionalización, Gobiernos Locales y Modernización de la Gestión del Estado
30/12/2020 En comisión Descentralización, Regionalización, Gobiernos Locales y Modernización de la Gestión del Estado "
06866/2020-CR,12/29/2020,12/28/2020,En comisión,"LEY DE REFORMA CONSTITUCIONAL DE LOS ARTÍCULOS 191 Y 194 DE LA CONSTITUCIÓN POLÍTICA DEL PERÚ, QUE ELIMINA EXCEPCIONES A LA IRRENUNCIABILIDAD AL MANDATO DE LAS AUTORIDADES REGIONALES Y LOCALES",Congreso,Frente Popular Agrícola del Perú," Propone modificar  los artículos 191 y 194 de la Constitución Política del Perú, que elimina excepciones a la irrenunciabilidad al mandato de las autoridades regionales y locales "," Rayme Marín  Alcides,Cayguaray Gambini  Luz Milagros,Cayllahua Barrientos  Wilmer,Gutarra Ramos  Robledo Noé,Huamán Champi  Juan de Dios,Núñez Marreros  Jesús del Carmen,Pineda Santos  Isaías "," 29/12/2020 Decretado a... Constitución y Reglamento
29/12/2020 En comisión Constitución y Reglamento "
06865/2020-CR,12/29/2020,12/23/2020,En comisión,"LEY QUE PERMITE LA IMPORTACIÓN DE RESPIRADORES QUIRÚRGICOS DE USO MÉDICO, PARA LA PREVENCIÓN Y TRATAMIENTO DEL COVID-19",Congreso,Frente Popular Agrícola del Perú," Propone ley que permite la importación de respiradores quirúrgicos de uso médico, para la prevención y tratamiento del Covid-19 "," Núñez Marreros  Jesús del Carmen,Cayllahua Barrientos  Wilmer,Rayme Marín  Alcides,Cayguaray Gambini  Luz Milagros,Retamozo Lezama  María Cristina,Ayquipa Torres  Julia Benigna,Machaca Mamani  Raúl,Pineda Santos  Isaías "," 29/12/2020 Decretado a... Economía, Banca, Finanzas e Inteligencia Financiera
29/12/2020 Decretado a... Salud y Población
29/12/2020 En comisión Economía, Banca, Finanzas e Inteligencia Financiera
29/12/2020 En comisión Salud y Población "
06864/2020-CR,12/29/2020,12/23/2020,En comisión,"LEY QUE DECLARA DE PREFERENTE INTERÉS NACIONAL LA CONSTRUCCIÓN DEL PUENTE PEATONAL EN LA LOCALIDAD DE SIÓN, DISTRITO DE CAMPANILLA, PROVINCIA DE MARISCAL CÁCERES, DEPARTAMENTO DE SAN MARTÍN",Congreso,Alianza Para el Progreso," Propone declarar de preferente interés nacional la construcción del puente peatonal en la localidad de Sión, distrito de Campanilla, provincia de Mariscal Cáceres, departamento de San Martín. "," Santillana Paredes  Robertina,Combina Salvatierra  Cesar Augusto,Rivas Ocejo  Perci,Santillana Paredes  Robertina,Puño Lecarnaque  Napoleón,Pérez Espíritu  Lusmila,Rodas Malca  Tania Rosalia,Quispe Suárez  Mario Javier,Acate Coronel  Eduardo Geovanni "," 29/12/2020 Decretado a... Transportes y Comunicaciones
29/12/2020 En comisión Transportes y Comunicaciones "
06863/2020-CR,12/29/2020,12/23/2020,En comisión,LEY DE FORTALECIMIENTO DE LA RESTRUCTURACIÓN ECONÓMICA DE LA ACTIVIDAD DEPORTIVA FUTBOLÍSTICA EN EL PERÚ,Congreso,Acción Popular, Propone ley de fortalecimiento de la restructuración económica de la actividad deportiva futbolística en el Perú. ," Burga Chuquipiondo  Ricardo Miguel,Inga Sales  Leonardo,Pérez Ochoa  Carlos Andrés,Merino De Lama  Manuel,Rivera Guerra  Walter Jesús,Simeón Hurtado  Luis Carlos "," 28/12/2020 Decretado a... Economía, Banca, Finanzas e Inteligencia Financiera
29/12/2020 En comisión Economía, Banca, Finanzas e Inteligencia Financiera "
06862/2020-CR,12/29/2020,12/23/2020,En comisión,"LEY QUE PROMUEVE LA CREACIÓN DEL COMEDOR SOCIAL ESCOLAR, PARA LA LUCHA CONTRA LA ANEMIA Y DESNUTRICIÓN",Congreso,Frente Popular Agrícola del Perú," Propone promover la creación del Comedor Social Escolar como unidad de apoyo de las instituciones educativas públicas, para la lucha contra la anemia y desnutrición "," Pineda Santos  Isaías,Ayquipa Torres  Julia Benigna,Núñez Marreros  Jesús del Carmen,Rayme Marín  Alcides,Huamán Champi  Juan de Dios,Benites Agurto  Alfredo,Machaca Mamani  Raúl,Cayguaray Gambini  Luz Milagros "," 28/12/2020 Decretado a... Inclusión Social y Personas con Discapacidad
28/12/2020 Decretado a... Presupuesto y Cuenta General de la República
29/12/2020 En comisión Inclusión Social y Personas con Discapacidad
29/12/2020 En comisión Presupuesto y Cuenta General de la República "
06861/2020-CR,12/29/2020,12/23/2020,En comisión,LEY QUE ESTABLECE LA REASIGNACIÓN DEL PERSONAL DE SALUD EN CONDICIÓN DE DESTAQUE,Congreso,Nueva Constitución," Propone establecer de manera excepcional la reasignación del personal de salud en el lugar donde se encuentra bajo la modalidad de destaque en el Ministerio de Salud, sus organismos públicos y las unidades ejecutoras de Salud de los Gobiernos Regionales. "," Chaiña Contreras  Hipólito,Bartolo Romero  María Isabel,Ramos Zapana  Rubén,Arapa Roque  Jesús Orlando,Mamani Barriga  Jim Ali "," 28/12/2020 Decretado a... Presupuesto y Cuenta General de la República
29/12/2020 En comisión Presupuesto y Cuenta General de la República "
06860/2020-CR,12/29/2020,12/23/2020,En comisión,LEY QUE OTORGA UNA BONIFICACIÓN ESPECIAL EN LOS CONCURSOS DE RESIDENTADO MÉDICO PARA EL PERSONAL DE SALUD QUE HA PRESTADO SERVICIOS EN ATENCIÓN A PACIENTES COVID-19,Congreso,Nueva Constitución," Propone otorgar una bonificación especial al personal de salud que haya prestado servicios en atención a pacientes COVID-19 en el Ministerio de Salud, Essalud, Direcciones Regionales de Salud, Sanidad de las Fuerzas Armadas y Sanidad de la Policía Nacional del Perú para el concurso de residentado médico. "," Chaiña Contreras  Hipólito,Bartolo Romero  María Isabel,Ramos Zapana  Rubén,Arapa Roque  Jesús Orlando,Mamani Barriga  Jim Ali "," 28/12/2020 Decretado a... Salud y Población
29/12/2020 En comisión Salud y Población "
06859/2020-CR,12/29/2020,12/23/2020,En comisión,"LEY QUE AUTORIZA DE MANERA EXCEPCIONAL EL CAMBIO DE GRUPO Y CAMBIO DE LINEA DE CARRERA AL PERSONAL DEL MINISTERIO DE SALUD, DE SUS ORGANISMOS PÚBLICOS Y DE LAS UNIDADES EJECUTORAS DE SALUD DE LOS GOBIERNOS  REGIONALES, COMO CONSECUENCIA DEL COVID-19",Congreso,Acción Popular," Propone autorizar de manera excepcional y por única vez al MInisterio de Salud, a sus organismos públicos y a las unidades ejecutoras de salud de los gobiernos regionales, a realizar el cambio de grupo ocupacional y de línea de carrera del personal de salud señalado en el numeral 3.2 del artículo 3 del Decreto Legislativo 1153, como consecuencia del COVID-19 "," Fabián Díaz  Yessy Nélida,García Oviedo  Paul Gabriel,Inga Sales  Leonardo,Lazo Villón  Leslye Carol,Llaulli Romero  Freddy,Novoa Cruzado  Anthony Renson "," 28/12/2020 Decretado a... Presupuesto y Cuenta General de la República
29/12/2020 En comisión Presupuesto y Cuenta General de la República "
06858/2020-CR,12/29/2020,12/22/2020,En comisión,"LEY QUE FORTALECE LA ATENCIÓN DE EMERGENCIA Y PERMITE LA ADMINISTRACIÓN DE LAS CLÍNICAS PRIVADAS A NIVEL NACIONAL, A FIN DE GARANTIZAR EL DERECHO A LA SALUD DURANTE LA PANDEMIA POR LA COVID-19",Congreso,"Frente Amplio por Justicia, Vida y Libertad"," Propone regular y fortalecer la atención de emergencia y las competencias de la Autoridad Nacional de Salud en situaciones de emergencia sanitaria, a fin de garantizar la atención médica de la ciudadanía en todos los establecimientos de salud, públicos o mixtos a nivel nacional. "," Vásquez Chuquilin  Mirtha Esther,Bazán Villanueva  Lenin Fernando,Quispe Apaza  Yvan,Montoya Guivin  Absalón,Ancalle Gutierrez  José Luis,Silva Santisteban Manrique  Rocío Yolanda Angélica "," 28/12/2020 Decretado a... Salud y Población
29/12/2020 En comisión Salud y Población "
06857/2020-CR,12/29/2020,12/22/2020,En comisión,LEY MARCO DE SEGURIDAD ALIMENTARIA Y NUTRICIONAL PARA LA INCLUSIÓN,Congreso,"Frente Amplio por Justicia, Vida y Libertad"," Propone reconocer y garantizar el dercho de la población a una alimentación adecuada y saludable, con énfasis en las personas en situación de pobreza y vulnerabilidad, priorizando la atención, de la niñez, las mujeres gestantes o lactantes, la población de la tercera edad y las personas en situación de discapacidad. "," Vásquez Chuquilin  Mirtha Esther,Ancalle Gutierrez  José Luis,Bazán Villanueva  Lenin Fernando,Quispe Apaza  Yvan,Montoya Guivin  Absalón,Silva Santisteban Manrique  Rocío Yolanda Angélica "," 28/12/2020 Decretado a... Agraria
28/12/2020 Decretado a... Inclusión Social y Personas con Discapacidad
29/12/2020 En comisión Agraria
29/12/2020 En comisión Inclusión Social y Personas con Discapacidad "
06856/2020-CR,12/29/2020,12/22/2020,En comisión,"LEY QUE MODIFICA EL DECRETO SUPREMO 055-99-EF SOBRE IMPUESTO SELECTIVO AL CONSUMO, PARA LA REACTIVACIÓN ECONÓMICA DEL PEQUEÑO EMPRESARIO EMPRENDEDOR DE AUTOS USADOS",Congreso,Acción Popular," Propone modificar el Decreto Supremo 055-99-EF sobre Impuesto Selectivo al Consumo, para la reactivación económica del pequeño empresario emprendedor de autos usados. "," Llaulli Romero  Freddy,Fabián Díaz  Yessy Nélida,Bajonero Olivas  Wilmer Solis,García Oviedo  Paul Gabriel,Aguilar Zamora  Manuel,Inga Sales  Leonardo "," 28/12/2020 Decretado a... Economía, Banca, Finanzas e Inteligencia Financiera
29/12/2020 En comisión Economía, Banca, Finanzas e Inteligencia Financiera "
06855/2020-CP,12/28/2020,12/22/2020,En comisión,"LEY QUE MODIFICA EL ARTÍCULO PRIMERO DE LA LEY 23221, COLEGIACIÓN DE PERIODISTAS",Colegios Profesionales,," Propone modificar el artículo primero de la Ley 23221, Colegiación de Periodistas. ", ," 28/12/2020 Decretado a... Constitución y Reglamento
28/12/2020 Decretado a... Educación, Juventud y Deporte
28/12/2020 En comisión Constitución y Reglamento
28/12/2020 En comisión Educación, Juventud y Deporte "
06854/2020-CR,12/28/2020,12/22/2020,En comisión,"LEY QUE OTORGA FACULTADES AL PODER EJECUTIVO PARA ADQUISICIÓN DE VACUNAS CONTRA SARS-COV2 (COVID-19), DESARROLLO DE LOGÍSTICA E INFRAESTRUCTURA PARA SU DISTRIBUCIÓN Y ALMACENAMIENTO A NIVEL NACIONAL",Congreso,Acción Popular, Propone otorgar facultades al Poder Ejecutivo para que adquiera vacuna para prevenir el SRS-COV2 (COVID-19) y el Desarrollo de Logística e infraestructura para su distribución y almacenamiento a nivel nacional. debido a la manifiesta falta de un marco legal que permita la celebración de dichos contratos. ," Burga Chuquipiondo  Ricardo Miguel,Inga Sales  Leonardo,Pérez Ochoa  Carlos Andrés,Rivera Guerra  Walter Jesús,Salinas López  Franco,Simeón Hurtado  Luis Carlos "," 28/12/2020 Decretado a... Presupuesto y Cuenta General de la República
28/12/2020 En comisión Presupuesto y Cuenta General de la República "
06853/2020-CR,12/28/2020,12/22/2020,En comisión,"LEY QUE DECLARA DE NECESIDAD PÚBLICA Y PREFERENTE INTERÉS NACIONAL LA CONSTRUCCIÓN DEL SISTEMA DE RIEGO HUATZIRIKI EN EL DISTRITO DE PICHANAQUI, PROVINCIA DE CHANCHAMAYO- DEPARTAMENTO DE JUNÍN",Congreso,Frente Popular Agrícola del Perú," Propone declarar de necesidd pública y preferente interés nacional, la construcción del sistema de riego Huatziriki en el distrito de Pichanaqui, provincia de Chanchamayo-departamento de Junín. "," Gutarra Ramos  Robledo Noé,Cayllahua Barrientos  Wilmer,Cayguaray Gambini  Luz Milagros,Huamán Champi  Juan de Dios,Rayme Marín  Alcides,Retamozo Lezama  María Cristina "," 28/12/2020 Decretado a... Agraria
28/12/2020 En comisión Agraria "
06852/2020-CR,12/28/2020,12/22/2020,En comisión,"LEY QUE INCORPORA LOS ARTÍCULOS 6, 7 Y 8 EN LA LEY 28948, LEY DE INSTITUCIONALIZACIÓN DEL CONSEJO NACIONAL DE DECANOS DE LOS COLEGIOS PROFESIONALES DEL PERÚ",Congreso,Alianza Para el Progreso," Propone incorporar los artículos 6, 7 y  8 en la Ley 28948, Ley de Institucionalización del Consejo Nacional de Decanos de los Colegios Profesionales del Perú. "," Valdez Farías  Luis Alberto,Rivas Ocejo  Perci,Rodas Malca  Tania Rosalia,Puño Lecarnaque  Napoleón,Carcausto Huanca  Irene,Combina Salvatierra  Cesar Augusto "," 28/12/2020 Decretado a... Educación, Juventud y Deporte
28/12/2020 En comisión Educación, Juventud y Deporte "
06851/2020-CR,12/28/2020,12/22/2020,En comisión,"LEY QUE MODIFICA EL DECRETO SUPREMO 055-99-EF SOBRE IMPUESTO SELECTIVO AL CONSUMO, PARA LA REACTIVACIÓN ECONÓMICA DEL PEQUEÑO EMPRESARIO EMPRENDEDOR DE AUTOS USADOS",Congreso,Acción Popular," Propone modificar el Decreto Supremo 055-99-EF sobre Impuesto Selectivo al Consumo, para la reactivación económica del pequeño empresrio emprendedor de autos usados. "," Llaulli Romero  Freddy,Fabián Díaz  Yessy Nélida,Inga Sales  Leonardo,Aguilar Zamora  Manuel,García Oviedo  Paul Gabriel,Bajonero Olivas  Wilmer Solis "," 28/12/2020 Decretado a... Economía, Banca, Finanzas e Inteligencia Financiera
28/12/2020 En comisión Economía, Banca, Finanzas e Inteligencia Financiera "
06850/2020-CR,12/28/2020,12/22/2020,En comisión,LEY QUE DECLARA EL 15 DE SETIEMBRE DE CADA AÑO COMO EL DÍA NACIONAL DEL PESCADOR JUBILADO,Congreso,Somos Perú," Propone declarar el 15 de setiembre de cada año como el Día Nacional del Pescador Jubilado, en reconocimiento a su contribución para la economía y la alimentación de las familias peruanas. "," Dioses Guzmán  Luis Reymundo,Aliaga Pajares  Guillermo Alejandro Antonio,Alencastre Miranda  Hirma Norma,Pérez Flores  Jorge Luis,Fernández Florez  Matilde,Ramos Zapana  Rubén "," 28/12/2020 Decretado a... Producción, Micro y Pequeña Empresa y Cooperativas
28/12/2020 En comisión Producción, Micro y Pequeña Empresa y Cooperativas "
06849/2020-GL,12/23/2020,12/21/2020,En comisión,"LEY QUE DECLARA DE NECESIDAD PÚBLICA E INTERÉS NACIONAL LA OBRA DE INFRAESTRUCTURA """"CONSTRUCCIÓN DE LA VÍA METROPOLITANA TERCERA ETAPA DESDE EL PASAJE TORRICOS A LA VARIANTE DE UCHUMAYO EN EL CERCADO, PROVINCIA DE AREQUIPA-AREQUIPA""""",Gobiernos Locales,," Propone declarar de necesidad pública e interés nacional la obra de infraestructura """"Construcción de la vía metropolitana tercera etapa desde el Pasaje Torricos a la variante de Uchumayo en el cercado, provincia de Arequipa-Arequipa"""". ", ," 22/12/2020 Decretado a... Vivienda y Construcción
23/12/2020 En comisión Vivienda y Construcción "
06848/2020-CR,12/20/2020,12/19/2020,Publicado El Peruano,RESOLUCIÓN LEGISLATIVA DEL CONGRESO QUE DELEGA EN LA COMISIÓN PERMANENTE LA FACULTAD DE LEGISLAR,Congreso,Multipartidario," Propone delegar a la Comisión Permanente del Congreso de la República, según lo establecido en el inciso 4) del artículo 101 de la Constitución Política del Perú, la facultad de legislar, a partir del día siguiente del término de la segunda legislatura del Período de Sesiones 2020-2021 hasta el 31 de enero de 2021. "," Vásquez Chuquilin  Mirtha Esther,Roel Alva  Luis Andrés "," 19/12/2020 Pleno (en debate)       - (sesión virtual)
19/12/2020 Aprobado       - por Acuerdo del Pleno virtual
19/12/2020 Promulgado  Resolución Legislativa del Congreso   Nº: 008-2020-2021-CR
20/12/2020 Publicado       - R.L.C.  N° 008-2020-2021-CR "
06847/2020-CR,12/23/2020,12/19/2020,En comisión,"LEY QUE DECLARA DE PREFERENTE INTERÉS NACIONAL Y DE NECESIDAD PÚBLICA, LA CREACIÓN DE LA PROVINCIA LOS TUMPIS Y SU CAPITAL SAN PEDRO DE LOS INCAS, EN EL DEPARTAMENTO DE TUMBES",Congreso,Alianza Para el Progreso," Propone declarar de preferente interés nacional y de necesidad pública, la creación de la provincia Los Tumpis y su capital San Pedro de los Incas, en el departamento de Tumbes. "," Puño Lecarnaque  Napoleón,Combina Salvatierra  Cesar Augusto,Hidalgo Zamalloa  Alexander,Meléndez Celis  Fernando,Merino Lopez  Omar,Rivas Ocejo  Perci,Santillana Paredes  Robertina,Verde Heidinger  Marco Antonio "," 22/12/2020 Decretado a... Descentralización, Regionalización, Gobiernos Locales y Modernización de la Gestión del Estado
23/12/2020 En comisión Descentralización, Regionalización, Gobiernos Locales y Modernización de la Gestión del Estado "
06846/2020-CR,12/23/2020,12/19/2020,En comisión,"LEY QUE DECLARA DE PREFERENTE INTERÉS PÚBLICO LA INCORPORACIÓN DE CONTENIDOS CURRICULARES REFERIDOS A LOS TEMAS DE DERECHOS FUNDAMENTALES Y CONSTITUCIÓN POLÍTICA DEL ESTADO EN EL CURRÍCULO NACIONAL DE LA EDUCACIÓN BÁSICA - """"LEY PARA MASIFICAR LA LECTURA DE LA CONSTITUCIÓN EN NUESTRAS ESCUELAS""""",Congreso,Acción Popular, Propone declarar de preferente interés público la incorporación de contenidos curriculares referido a los temas de derechos fundamentales y Constitución Política del Estado en el Currículo Nacional de la Educación Básica - Ley  para masificar la lectura de la constitución en nuestras escuelas. ," Salinas López  Franco,Fabián Díaz  Yessy Nélida,García Oviedo  Paul Gabriel,Novoa Cruzado  Anthony Renson,Ruíz Pinedo  Rolando Rubén,Vásquez Becerra  Jorge "," 22/12/2020 Decretado a... Educación, Juventud y Deporte
23/12/2020 En comisión Educación, Juventud y Deporte "
06845/2020-CR,12/23/2020,12/19/2020,En comisión,"LEY QUE DECLARA DE NECESIDAD Y UTILIDAD PÚBLICA LA CONSERVACIÓN Y PUESTA EN VALOR DEL COMPLEJO ARQUEOLÓGICO ATASH, DISTRITO DE HUACAR, PROVINCIA DE AMBO Y DEPARTAMENTO DE HUÁNUCO",Congreso,Acción Popular," Propone declarar de necesidad y utilidad pública la conservación y puesta en valor del Complejo Arqueológico Atash, distrito de  Huacar, provincia de Ambo y departamento de Huánuco "," Fabián Díaz  Yessy Nélida,Campos Villalobos  Rolando,García Oviedo  Paul Gabriel,Inga Sales  Leonardo,Llaulli Romero  Freddy,Novoa Cruzado  Anthony Renson "," 22/12/2020 Decretado a... Cultura y Patrimonio Cultural
23/12/2020 En comisión Cultura y Patrimonio Cultural "
06844/2020-CR,12/23/2020,12/19/2020,En comisión,"LEY QUE DECLARA DE NECESIDAD Y UTILIDAD PÚBLICA LA CONSERVACIÓN Y PUESTA EN VALOR DEL COMPLEJO ARQUEOLÓGICO HUANACAURE, DEL CENTRO POBLADO DE HUANACAURE, DISTRITO DE SAN PLABLO DE PILLAO, DEPARTAMENTO DE HUÁNUCO",Congreso,Acción Popular," Propone declarar de necesidad y utilidad pública la conservación y puesta en valor del Complejo Arqueológico Huanacaure, del Centro Poblado Huanacaure, distrito de San Pablo de Pillao, departamento de Huánuco. "," Fabián Díaz  Yessy Nélida,Campos Villalobos  Rolando,García Oviedo  Paul Gabriel,Inga Sales  Leonardo,Llaulli Romero  Freddy,Novoa Cruzado  Anthony Renson,Vásquez Becerra  Jorge "," 22/12/2020 Decretado a... Cultura y Patrimonio Cultural
23/12/2020 En comisión Cultura y Patrimonio Cultural "
06843/2020-CR,12/19/2020,12/19/2020,En comisión,LEY QUE DEROGA EL INCISO 3 DEL ARTÍCULO 243 DEL CÓDIGO CIVIL SOBRE EL PLAZO DE TRESCIENTOS DÍAS COMO IMPEDIMENTOS PARA CONTRAER NUEVO MATRIMONIO DE LAS MUJERES VIUDAS Y DIVORCIADAS A FIN DE GARANTIZAR LA IGUALDAD ANTE LA LEY Y LA NO DISCRIMINACIÓN,Congreso,No Agrupados," Propone derogar el plazo de trescientos días para contraer matrimonio de mujeres viudas, divorciadas o cuyo matrimonio hubiera sido invalidado, establecido en el inciso 3 del artículo 243 del Código civil, a fin de garantizar el derecho universal de las mujeres a la igualdad ante la Ley y la no discriminación "," Contreras Bautista  Cindy Arlette,Burga Chuquipiondo  Ricardo Miguel,Castillo Oliva  Luis Felipe,Gonzales Tuanama  César,Novoa Cruzado  Anthony Renson,Troyes Delgado  Hans "," 19/12/2020 Decretado a... Justicia y Derechos Humanos
19/12/2020 En comisión Justicia y Derechos Humanos "
06842/2020-CR,12/19/2020,12/19/2020,En comisión,LEY QUE GARANTIZA LA EFECTIVIDAD Y PROMUEVE LA CELERIDAD EN LOS PROCESOS DE ALIMENTOS,Congreso,No Agrupados," Propone modificar el artículo 371 del Código Procesal Civil, que garantiza la efectividad y promueve la celeridad en los procesos de alimentos "," Contreras Bautista  Cindy Arlette,Castillo Oliva  Luis Felipe,García Rodríguez  Jaqueline Cecilia,Gonzales Tuanama  César,Novoa Cruzado  Anthony Renson,Troyes Delgado  Hans "," 19/12/2020 Decretado a... Justicia y Derechos Humanos
19/12/2020 En comisión Justicia y Derechos Humanos "
06841/2020-CR,12/19/2020,12/19/2020,En comisión,LEY QUE DECLARA DE INTERÉS NACIONAL Y NECESIDAD PÚBLICA LA CREACIÓN DEL DISTRITO DE PABLO BASILIO AUQUI HUAYTALLA,Congreso,Alianza Para el Progreso," Propone declarar de necesidad pública e interés nacional la creación del distrito de Pablo Basilio Auqui Huaytalla en la provincia de Cangallo, departamento de Ayacucho "," Rivas Ocejo  Perci,Carcausto Huanca  Irene,Combina Salvatierra  Cesar Augusto,Condori Flores  Julio Fredy,Puño Lecarnaque  Napoleón,Santillana Paredes  Robertina "," 19/12/2020 Decretado a... Descentralización, Regionalización, Gobiernos Locales y Modernización de la Gestión del Estado
19/12/2020 En comisión Descentralización, Regionalización, Gobiernos Locales y Modernización de la Gestión del Estado "
06840/2020-CR,12/31/2020,12/19/2020,Publicado El Peruano,LEY QUE PROMUEVE EL DESARROLLO DEL SECTOR AGROEXPORTADOR Y AGROINDUSTRIAL Y GARANTIZA LA PROTECCIÓN DE LOS DERECHOS LABORALES,Congreso,Acción Popular, Propone ley que promueve el desarrollo del sector agroexportación y agroindustrial y garantiza la protección de los derechos laborales. ," Novoa Cruzado  Anthony Renson,Troyes Delgado  Hans,Simeón Hurtado  Luis Carlos,Salinas López  Franco,Fabián Díaz  Yessy Nélida,García Oviedo  Paul Gabriel "," 19/12/2020 Decretado a... Trabajo y Seguridad Social
19/12/2020 Decretado a... Economía, Banca, Finanzas e Inteligencia Financiera
19/12/2020 En comisión Trabajo y Seguridad Social
19/12/2020 En comisión Economía, Banca, Finanzas e Inteligencia Financiera
19/12/2020 Texto Sustitutorio       - consensuado de los Presidentes de las Comisiones de Trabajo y de Economía, congresistas Oseda Y., y Novoa C., respectiamente.-Acumula el Proy. 6840
19/12/2020 Nuevo Texto       - Sustitutorio del Presidente de la Comisión de Trabajo, congresista Oseda Yucra.-En Relatoría 19.12.20..-
20/12/2020 Pleno (en debate)       - (sesión virtual)
20/12/2020 Nuevo Texto       - Sustitutorio del Presidente de la Comisión de Trabajo, congresista Oseda Yucra.-En Relatoría 20.12.20.
20/12/2020 No alcanzó Nº de votos       - la cuestión previa planteada por el congresista Vásquez Becerra en el sentido que el proyecto vuelva a las comisiones de Trabajo y de Economía, y pase a la comisión Agraria; el número de abstenciones es mayor a los votos a favor y en contra
20/12/2020 Retirado       - la cuestión previa planteada por el congresista Vásquez Becerra
20/12/2020 No alcanzó Nº de votos       - la Primera Votación del Texto Sustitutorio de la comisión de Trabajo, el número de abstenciones supera a los votos a favor y en contra para la aprobación, el tema queda sin resolver
20/12/2020 Oficio       - pedido del congresista Combina S., presenta RECONSIDERACIÓN de la votación recaída en el texto sustitutorio del Proyecto de Ley 6826 y otros.-
20/12/2020 Vuelve a Comisión Economía, Banca, Finanzas e Inteligencia Financiera      - luego de aprobarse la cuestión previa planteada por el congresista Novoa Cruzado
20/12/2020 Rechazado       - Reconsideración a la votación, planteada por el congresista Combina Salvatierra.
21/12/2020 Oficio       - 1020-2020-2021-ADP-D/CR del OM, comunicando al Pdte. Comisión de Economía, congresista Novoa C., que en sesión virtual 20.12.20. aprobó  la cuestión previa  para que regrese a la Comisión Proy. 6826 y otros.
22/12/2020 Oficio       - 0051-2020-2021-CR de la congresista Bartolo R., solicita inclusión de una Disposición Complementaria.-DGP agregar a sus antecedentes
22/12/2020 Oficio       - 028-2020-2021/JCOR-CMNLPA-CR del congresista Oyola R., comunica la presentación del Proyecto de Ley , referente al régimen laboral agrario.-DGP agregar a sus antecedentes.
22/12/2020 En comisión Economía, Banca, Finanzas e Inteligencia Financiera
28/12/2020 Dictamen Favorable Sustitutorio Economía, Banca, Finanzas e Inteligencia Financiera   Mayoria
28/12/2020 En Relatoría       - Dictamen de Economía
28/12/2020 Pleno (en debate)       - (sesión virtual) 1/4 intermedio
28/12/2020 Dictamen Economía, Banca, Finanzas e Inteligencia Financiera   Minoria  Quispe Apaza, Yvan - Barrionuevo Romero; Velarde Heidinger
28/12/2020 Rechazado       - la aprobación del dictamen de la comisión de Trabajo
28/12/2020 Dictamen Favorable Sustitutorio Economía, Banca, Finanzas e Inteligencia Financiera   Minoria  Quispe Apaza, Yvan
28/12/2020 Dispensado de Publicación en el Portal       - del dictamen de la Comisión de Economía, por Acuerdo de la Junta de Portavoces
28/12/2020 Dispensado de Dictamen Trabajo y Seguridad Social      - por Acuerdo de la Junta de Portavoces
28/12/2020 Dispensado de Dictamen Presupuesto y Cuenta General de la República      - por Acuerdo de la Junta de Portavoces
28/12/2020 Texto Sustitutorio       - del Presidente de la comisión de Economía, congresista Novoa Cruzado.- En Relatoría 28.12.2020
29/12/2020 No alcanzó Nº de votos       - la Primera Votación del Texto Sustitutorio de la comisión de Economía, el número de abstenciones supera a los votos a favor y en contra para la aprobación, el tema queda sin resolver
29/12/2020 Nuevo Texto       - Sustitutorio del Presidente de la Comisión de Economía, congresista Novoa Cruzado.- En Relatoría 29.12.2020
29/12/2020 Nuevo Texto       - Sustitutorio del Presidente de la Comisión de Economía, congresista Novoa Cruzado.- En Relatoría 29.12.2020
29/12/2020 Aprobado 1ra. votación       - (con excepción de la Novena Disposición Complementaria Final)
29/12/2020 No alcanzó Nº de votos       - requerido la votación de la Novena Disposición Complementaria Final
29/12/2020 Dispensado 2da Votación       - por Acuerdo del Pleno virtual
29/12/2020 Rechazado       - la Reconsideración planteada por el congresista Guibovich Arteaga a la votación de la Novena Disposición Complementaria Final
29/12/2020 Rechazado       - la Reconsideración planteada por el congresista Bazán Villanueva a la segunda votación
30/12/2020 Autógrafa   Sobre Nº: 124    - vence: 22.01.2021
30/12/2020 Promulgado  Ley   Nº: 31110
31/12/2020 Publicado       - Ley N° 31110 "
06839/2020-CR,12/31/2020,12/19/2020,Publicado El Peruano,LEY DE PROTECCIÓN LABORAL DE LOS TRABAJADORES AGRARIOS,Congreso,Acción Popular," Propone que los empleados cumplan con el pago oportuno de aportes previsionales de los trabajadores agrarios al Sistema Nacional de Pensiones, administrado por la Oficina de Normalización Previsional (ONP) y al Sistema Privado de Administración de Fondos de Pensiones (AFP), y los aportes al Seguro Social "," Campos Villalobos  Rolando,Fabián Díaz  Yessy Nélida,Pérez Ochoa  Carlos Andrés,Saavedra Ocharán  Mónica Elizabeth,Simeón Hurtado  Luis Carlos,Vásquez Becerra  Jorge "," 19/12/2020 Decretado a... Trabajo y Seguridad Social
19/12/2020 En comisión Trabajo y Seguridad Social
19/12/2020 Texto Sustitutorio       - consensuado de los Presidentes de las Comisiones de Trabajo y de Economía, congresistas Oseda Y., y Novoa C., respectiamente.-Acumula el Proy. 6839
19/12/2020 Nuevo Texto       - Sustitutorio del Presidente de la Comisión de Trabajo, congresista Oseda Yucra.-En Relatoría 19.12.20..-
20/12/2020 Pleno (en debate)       - (sesión virtual)
20/12/2020 Nuevo Texto       - Sustitutorio del Presidente de la Comisión de Trabajo, congresista Oseda Yucra.-En Relatoría 20.12.20.
20/12/2020 No alcanzó Nº de votos       - la cuestión previa planteada por el congresista Vásquez Becerra en el sentido que el proyecto vuelva a las comisiones de Trabajo y de Economía, y pase a la comisión Agraria; el número de abstenciones es mayor a los votos a favor y en contra
20/12/2020 Retirado       - la cuestión previa planteada por el congresista Vásquez Becerra
20/12/2020 No alcanzó Nº de votos       - la Primera Votación del Texto Sustitutorio de la comisión de Trabajo, el número de abstenciones supera a los votos a favor y en contra para la aprobación, el tema queda sin resolver
20/12/2020 Oficio       - pedido del congresista Combina S., presenta RECONSIDERACIÓN de la votación recaída en el texto sustitutorio del Proyecto de Ley 6826 y otros.-
20/12/2020 Vuelve a Comisión Economía, Banca, Finanzas e Inteligencia Financiera      - luego de aprobarse la cuestión previa planteada por el congresista Novoa Cruzado
20/12/2020 Rechazado       - Reconsideración a la votación, planteada por el congresista Combina Salvatierra.
21/12/2020 Oficio       - 1020-2020-2021-ADP-D/CR del OM, comunicando al Pdte. Comisión de Economía, congresista Novoa C., que en sesión virtual 20.12.20. aprobó  la cuestión previa  para que regrese a la Comisión Proy. 6826 y otros.
22/12/2020 Oficio       - 0051-2020-2021-CR de la congresista Bartolo R., solicita inclusión de una Disposición Complementaria.-DGP agregar a sus antecedentes
22/12/2020 Oficio       - 028-2020-2021/JCOR-CMNLPA-CR del congresista Oyola R., comunica la presentación del Proyecto de Ley , referente al régimen laboral agrario.-DGP agregar a sus antecedentes.
22/12/2020 En comisión Economía, Banca, Finanzas e Inteligencia Financiera
28/12/2020 Dictamen Favorable Sustitutorio Economía, Banca, Finanzas e Inteligencia Financiera   Mayoria
28/12/2020 En Relatoría       - Dictamen de Economía
28/12/2020 Pleno (en debate)       - (sesión virtual) 1/4 intermedio
28/12/2020 Dictamen Economía, Banca, Finanzas e Inteligencia Financiera   Minoria  Quispe Apaza, Yvan - Barrionuevo Romero; Velarde Heidinger
28/12/2020 Rechazado       - la aprobación del dictamen de la comisión de Trabajo
28/12/2020 Dictamen Favorable Sustitutorio Economía, Banca, Finanzas e Inteligencia Financiera   Minoria  Quispe Apaza, Yvan
28/12/2020 Dispensado de Publicación en el Portal       - del dictamen de la Comisión de Economía, por ACuerdo de la Junta de Portavoces
28/12/2020 Dispensado de Dictamen Trabajo y Seguridad Social      - por Acuerdo de la Junta de Portavoces
28/12/2020 Dispensado de Dictamen Presupuesto y Cuenta General de la República      - por Acuerdo de la Junta de Portavoces
28/12/2020 Texto Sustitutorio       - del Presidente de la comisión de Economía, congresista Novoa Cruzado.- En Relatoría 28.12.2020
29/12/2020 No alcanzó Nº de votos       - la Primera Votación del Texto Sustitutorio de la comisión de Economía, el número de abstenciones supera a los votos a favor y en contra para la aprobación, el tema queda sin resolver
29/12/2020 Nuevo Texto       - Sustitutorio del Presidente de la Comisión de Economía, congresista Novoa Cruzado.- En Relatoría 29.12.2020
29/12/2020 Nuevo Texto       - Sustitutorio del Presidente de la Comisión de Economía, congresista Novoa Cruzado.- En Relatoría 29.12.2020
29/12/2020 Aprobado 1ra. votación       - (con excepción de la Novena Disposición Complementaria Final)
29/12/2020 No alcanzó Nº de votos       - requerido la votación de la Novena Disposición Complementaria Final
29/12/2020 Dispensado 2da Votación       - por Acuerdo del Pleno virtual
29/12/2020 Rechazado       - la Reconsideración planteada por el congresista Guibovich Arteaga a la votación de la Novena Disposición Complementaria Final
29/12/2020 Rechazado       - la Reconsideración planteada por el congresista Bazán Villanueva a la segunda votación
30/12/2020 Autógrafa   Sobre Nº: 124    - vence: 22.01.2021
30/12/2020 Promulgado  Ley   Nº: 31110
31/12/2020 Publicado       - Ley N° 31110 "
06838/2020-CR,12/19/2020,12/19/2020,En comisión,LEY QUE SUSPENDE EL EJERCICIO DE LAS COMPETENCIAS DE RATIFICACIÓN Y NOMBRAMIENTO DE JUECES Y FISCALES POR PARTE DE LA JUNTA NACIONAL DE JUSTICIA,Congreso,Partido Morado," Propone suspensión de la vigencia de los literales a) y b) del artículo 2 de la Ley 30916, Ley Organica de la Junta Nacional de Justicia. "," Lizárraga Houghton  Carolina,Gonzales Santos  Miguel Angel,Núñez Salas  José Antonio,Olivares Cortes  Daniel Federico,Palomino Saavedra  Angélica María,Solis Gutiérrez  Zenaida "," 19/12/2020 Decretado a... Constitución y Reglamento
19/12/2020 En comisión Constitución y Reglamento "
06837/2020-CR,12/19/2020,12/19/2020,En comisión,"LEY QUE DECLARA DE INTERÉS NACIONAL Y DE NECESIDAD PÚBLICA LA INVESTIGACIÓN, PROTECCIÓN, CONSERVACIÓN, RESTAURACIÓN Y PUESTA EN VALOR DEL COMPLEJO ARQUEOLOGICO PRE HISPÁNICO E HISTÓRICO DE WARI, REGIÓN DE AYACUCHO",Congreso,Alianza Para el Progreso," Propone declarar de interés nacional y necesidad pública la investigación, protección, conservación, restauración y puesta en valor del complejo arqueológico prehispánico e histórico de Wari de la provincia de Huamanga, región de Ayacucho "," Rivas Ocejo  Perci,Carcausto Huanca  Irene,Combina Salvatierra  Cesar Augusto,Condori Flores  Julio Fredy,Pérez Espíritu  Lusmila,Puño Lecarnaque  Napoleón,Santillana Paredes  Robertina "," 19/12/2020 Decretado a... Cultura y Patrimonio Cultural
19/12/2020 En comisión Cultura y Patrimonio Cultural "
06836/2020-CR,12/19/2020,12/19/2020,En comisión,"LEY QUE MODIFICA EL ARTICULO 176-B DEL CÓDIGO PENAL, DECRETO LEGISLATIVO 635, Y ESTABLECE LA APLICACIÓN DE LA INHABILITACIÓN DE PRIVACIÓN DE RESIDIR CERCA A INSTITUCIONES EDUCATIVAS PARA LOS SENTENCIADOS POR EL DELITO  DE ACOSO SEXUAL",Congreso,No Agrupados," Propone modificar el artículo 176-B del Código Penal, Decreto Legislativo 635, y establece la aplicación de la inhabilitación de privación de residir cerca a instituciones educativas para los sentenciados por el delito de acoso sexual. "," Contreras Bautista  Cindy Arlette,Castillo Oliva  Luis Felipe,García Rodríguez  Jaqueline Cecilia,Gonzales Tuanama  César,Novoa Cruzado  Anthony Renson,Troyes Delgado  Hans "," 19/12/2020 Decretado a... Justicia y Derechos Humanos
19/12/2020 En comisión Justicia y Derechos Humanos "
06835/2020-CR,12/19/2020,12/19/2020,En comisión,"LEY QUE AMPLÍA EL PLAZO DE VIGENCIA DEL ARTÍCULO 9 DEL DECRETO DE URGENCIA 119-2020, QUE DICTA MEDIDAS EXTRAORDINARIAS QUE  PERMITAN LA ADQUISICIÓN DE VACUNAS CONTRA LA COVID-19 Y OTRAS DISPOSICIONES",Congreso,Acción Popular," Propone modificar el plazo de vigencia del Artículo 9 del Decreto de Urgencia 119-2020 hasta el 31 de diciembre de 2021, a fin de garantizar la adquisición de vacunas contra la COVID-19 "," Inga Sales  Leonardo,Aguilar Zamora  Manuel,Fabián Díaz  Yessy Nélida,García Oviedo  Paul Gabriel,Saavedra Ocharán  Mónica Elizabeth,Salinas López  Franco "," 19/12/2020 Decretado a... Presupuesto y Cuenta General de la República
19/12/2020 En comisión Presupuesto y Cuenta General de la República "
06834/2020-CR,12/19/2020,12/18/2020,En comisión,RESOLUCIÓN LEGISLATIVA QUE MODIFICA EL ARTÍCULO 71 DEL REGLAMENTO DEL CONGRESO DE LA REPÚBLICA SOBRE INFORMES,Congreso,Comisión Especial (no es grupo parlamentario)," Propone modificar el artículo 71 del Reglamento del Congreso de la República, sobre informes. "," Columbus Murata  Diethell,Cayllahua Barrientos  Wilmer,Lizárraga Houghton  Carolina,Quispe Apaza  Yvan,Quispe Suárez  Mario Javier,Simeón Hurtado  Luis Carlos,Tito Ortega  Erwin "," 19/12/2020 Decretado a... Constitución y Reglamento
19/12/2020 En comisión Constitución y Reglamento "
06833/2020-CR,12/19/2020,12/18/2020,En comisión,RESOLUCIÓN LEGISLATIVA QUE MODIFICA EL INCISO B) DEL ARTÍCULO 55 DEL REGLAMENTO DEL CONGRESO DE LA REPÚBLICA SOBRE REGLAS DE DEBATE,Congreso,Comisión Especial (no es grupo parlamentario)," Propone modificar el inciso b) del artículo 55 del Reglamento del Congreso de la República, sobre reglas de debate. "," Columbus Murata  Diethell,Cayllahua Barrientos  Wilmer,Lizárraga Houghton  Carolina,Quispe Apaza  Yvan,Quispe Suárez  Mario Javier,Simeón Hurtado  Luis Carlos,Tito Ortega  Erwin "," 19/12/2020 Decretado a... Constitución y Reglamento
19/12/2020 En comisión Constitución y Reglamento "
06832/2020-CR,12/31/2020,12/18/2020,Publicado El Peruano,LEY QUE CREA EL RÉGIMEN DEL TRABAJADOR AGRARIO Y REGULA LAS OBLIGACIONES DE LAS EMPRESAS AGRARIAS,Congreso,Frente Popular Agrícola del Perú," Propone colocar al trabajador agrario en el centro de la política de promoción agraria, mediante la aplicación de diversos incentivos para mejorar las condiciones laborales, así como la defensa de sus derechos "," Cayllahua Barrientos  Wilmer,Benites Agurto  Alfredo,Gutarra Ramos  Robledo Noé,Huamán Champi  Juan de Dios,Rayme Marín  Alcides,Retamozo Lezama  María Cristina "," 18/12/2020 Decretado a... Trabajo y Seguridad Social
18/12/2020 Decretado a... Economía, Banca, Finanzas e Inteligencia Financiera
19/12/2020 En comisión Trabajo y Seguridad Social
19/12/2020 En comisión Economía, Banca, Finanzas e Inteligencia Financiera
19/12/2020 Texto Sustitutorio       - consensuado de los Presidentes de las Comisiones de Trabajo y de Economía, congresistas Oseda Y., y Novoa C., respectiamente.-Acumula el Proy. 6832
19/12/2020 Nuevo Texto       - Sustitutorio del Presidente de la Comisión de Trabajo, congresista Oseda Yucra.-En Relatoría 19.12.20..-
20/12/2020 Pleno (en debate)       - (sesión virtual)
20/12/2020 Nuevo Texto       - Sustitutorio del Presidente de la Comisión de Trabajo, congresista Oseda Yucra.-En Relatoría 20.12.20.
20/12/2020 No alcanzó Nº de votos       - la cuestión previa planteada por el congresista Vásquez Becerra en el sentido que el proyecto vuelva a las comisiones de Trabajo y de Economía, y pase a la comisión Agraria; el número de abstenciones es mayor a los votos a favor y en contra
20/12/2020 Retirado       - la cuestión previa planteada por el congresista Vásquez Becerra
20/12/2020 No alcanzó Nº de votos       - la Primera Votación del Texto Sustitutorio de la comisión de Trabajo, el número de abstenciones supera a los votos a favor y en contra para la aprobación, el tema queda sin resolver
20/12/2020 Oficio       - pedido del congresista Combina S., presenta RECONSIDERACIÓN de la votación recaída en el texto sustitutorio del Proyecto de Ley 6826 y otros.-
20/12/2020 Vuelve a Comisión Economía, Banca, Finanzas e Inteligencia Financiera      - luego de aprobarse la cuestión previa planteada por el congresista Novoa Cruzado
20/12/2020 Rechazado       - Reconsideración a la votación, planteada por el congresista Combina Salvatierra.
21/12/2020 Oficio       - 1020-2020-2021-ADP-D/CR del OM, comunicando al Pdte. Comisión de Economía, congresista Novoa C., que en sesión virtual 20.12.20. aprobó  la cuestión previa  para que regrese a la Comisión Proy. 6826 y otros.
22/12/2020 Oficio       - 0051-2020-2021-CR de la congresista Bartolo R., solicita inclusión de una Disposición Complementaria.-DGP agregar a sus antecedentes
22/12/2020 Oficio       - 028-2020-2021/JCOR-CMNLPA-CR del congresista Oyola R., comunica la presentación del Proyecto de Ley , referente al régimen laboral agrario.-DGP agregar a sus antecedentes.
22/12/2020 En comisión Economía, Banca, Finanzas e Inteligencia Financiera
28/12/2020 Dictamen Favorable Sustitutorio Economía, Banca, Finanzas e Inteligencia Financiera   Mayoria
28/12/2020 En Relatoría       - Dictamen de Economía
28/12/2020 Pleno (en debate)       - (sesión virtual) 1/4 intermedio
28/12/2020 Dictamen Economía, Banca, Finanzas e Inteligencia Financiera   Minoria  Quispe Apaza, Yvan - Barrionuevo Romero; Velarde Heidinger
28/12/2020 Rechazado       - la aprobación del dictamen de la comisión de Trabajo
28/12/2020 Dictamen Favorable Sustitutorio Economía, Banca, Finanzas e Inteligencia Financiera   Minoria  Quispe Apaza, Yvan
28/12/2020 Dispensado de Publicación en el Portal       - del dictamen de la Comisión de Economía, por Acuerdo de la Junta de Portavoces
28/12/2020 Dispensado de Dictamen Trabajo y Seguridad Social      - por Acuerdo de la Junta de Portavoces
28/12/2020 Dispensado de Dictamen Presupuesto y Cuenta General de la República      - por Acuerdo de la Junta de Portavoces
28/12/2020 Texto Sustitutorio       - del Presidente de la comisión de Economía, congresista Novoa Cruzado.- En Relatoría 28.12.2020
29/12/2020 No alcanzó Nº de votos       - la Primera Votación del Texto Sustitutorio de la comisión de Economía, el número de abstenciones supera a los votos a favor y en contra para la aprobación, el tema queda sin resolver
29/12/2020 Nuevo Texto       - Sustitutorio del Presidente de la Comisión de Economía, congresista Novoa Cruzado.- En Relatoría 29.12.2020
29/12/2020 Nuevo Texto       - Sustitutorio del Presidente de la Comisión de Economía, congresista Novoa Cruzado.- En Relatoría 29.12.2020
29/12/2020 Aprobado 1ra. votación       - (con excepción de la Novena Disposición Complementaria Final)
29/12/2020 No alcanzó Nº de votos       - requerido la votación de la Novena Disposición Complementaria Final
29/12/2020 Dispensado 2da Votación       - por Acuerdo del Pleno virtual
29/12/2020 Rechazado       - la Reconsideración planteada por el congresista Guibovich Arteaga a la votación de la Novena Disposición Complementaria Final
29/12/2020 Rechazado       - la Reconsideración planteada por el congresista Bazán Villanueva a la segunda votación
30/12/2020 Autógrafa   Sobre Nº: 124    - vence: 22.01.2021
30/12/2020 Promulgado  Ley   Nº: 31110
31/12/2020 Publicado       - Ley N° 31110 "
06831/2020-CR,12/19/2020,12/18/2020,En comisión,"LEY QUE PROMUEVE LA CONFORMACIÓN DE COMITÉS LOCALES DE ASIGNACIÓN DE RECURSOS-CLAR, COMO MECANISMO DE ACCESO A RECURSOS PUBLICOS DE PROYECTOS PRODUCTIVOS DE AGRICULTURA FAMILIAR",Congreso,Fuerza Popular, Propone promover la conformación de Comités Locales de asignación de Recursos - CLAR como mecanismo de priorización para el acceso a recursos públicos de proyectos productivos a favor de la agricultura familiar ," Ayasta de Díaz  Rita Elena,Vivanco Reyes  Miguel Angel,Pichilingue Gomez  Marcos Antonio,Zarate Anton  Edward Alexander,Vigo Gutiérrez  Widman Napoleón,Pinedo Achaca  Liliana Angélica "," 18/12/2020 Decretado a... Presupuesto y Cuenta General de la República
19/12/2020 En comisión Presupuesto y Cuenta General de la República "
06830/2020-CR,12/19/2020,12/18/2020,En comisión,"LEY QUE DECLARA DE NECESIDAD PÚBLICA E INTERES NACIONAL EL MEJORAMIENTO DEL SERVICIO AEROPORTUARIO EN LA REGIÓN LAMBAYEQUE MEDIANTE LA MODERNIZACIÓN DEL AEROPUERTO INTERNACIONAL """"CAP. FAP. JOSÉ ABELARDO QUIÑONES GONZALES"""" DE CHICLAYO, DEPARTAMENTO DE LAMBAYEQUE",Congreso,Fuerza Popular," Declárese de necesidad pública e interés nacional, el mejoramiento del servicio aeroportuario en la región Lambayeque mediante la modernización del aeroportuario internacional """"Cap. Fap. José Abelardo Quiñones Gonzales"""" de Chiclayo, departamento de Lambayeque. "," Ayasta de Díaz  Rita Elena,Pichilingue Gomez  Marcos Antonio,Pinedo Achaca  Liliana Angélica,Vigo Gutiérrez  Widman Napoleón,Vivanco Reyes  Miguel Angel,Zarate Anton  Edward Alexander "," 18/12/2020 Decretado a... Transportes y Comunicaciones
19/12/2020 En comisión Transportes y Comunicaciones "
06829/2020-CR,12/19/2020,12/18/2020,En comisión,"LEY QUE MODIFICA EL NUMERAL 4 DEL ARTÍCULO 261 DEL CÓDIGO PROCESAL PENAL, DECRETO LEGISLATIVO 957, Y ESTABLECE QUE LA VIGENCIA DE LA REQUISITORIA POR CASOS SECUESTRO, FEMINICIDIO, TENTATIVA DE FEMINICIDIO Y VIOLACIÓN DE LA LIBERTAD SEXUAL EN TODAS SUS FORMAS",Congreso,No Agrupados," Propone modificar el numeral 4 del artículo 261 del código procesal penal, Decreto Legislativo 957, y establece que la vigencia de la Requisitoria por casos secuestro, Feminicidio, Tentativa de Feminicidio y Violación de la Libertad sexual en toda sus formas, "," Contreras Bautista  Cindy Arlette,Apaza Quispe  Yessica Marisela,Bazán Villanueva  Lenin Fernando,Núñez Salas  José Antonio "," 18/12/2020 Decretado a... Justicia y Derechos Humanos
19/12/2020 En comisión Justicia y Derechos Humanos "
06828/2020-CR,12/19/2020,12/18/2020,En comisión,"LEY QUE MODIFICA LA SEXTA DISPOSICIÓN COMPLEMENTARIA FINAL DE LA LEY 30364, PARA QUE EL PODER EJECUTIVO INFORME ANTE EL PLENO DEL CONGRESO DE LA REPÚBLICA SOBRE LOS AVANCES DEL CUMPLIMIENTO DE LA LEY PARA PREVENIR, SANCIONAR Y ERRADICAR LA VIOLENCIA CONTRA LAS MUJERES Y LOS INTEGRANTES DEL GRUPO FAMILIAR",Congreso,No Agrupados," Propone modificar la Sexta Disposición Complementaria Final de la Ley 30364, para que el Poder Ejecutivo informe ante el Pleno del Congreso de la República sobre los avances del cumplimiento de la Ley para prevenir, sancionar y erradicar la violencia contra las mujeres y los integrantes del grupo familiar "," Contreras Bautista  Cindy Arlette,Apaza Quispe  Yessica Marisela,Bazán Villanueva  Lenin Fernando,Núñez Salas  José Antonio "," 18/12/2020 Decretado a... Justicia y Derechos Humanos
19/12/2020 En comisión Justicia y Derechos Humanos "
06827/2020-CR,12/19/2020,12/18/2020,En comisión,LEY NACIONAL DEL CÁNCER,Congreso,No Agrupados," Propone garantizar la cobertura gratuita y universal de los servicios de prevención y atención oncológica en cualquiera de sus manifestaciones, formas o denominaciones, así como el adecuado tratamiento integral de las personas diagnosticadas con dicha enfermedad, a fin de garantizar el acceso al derecho fundamental a la salud en igualdad de condiciones y sin ningún tipo de discriminación. "," Contreras Bautista  Cindy Arlette,Apaza Quispe  Yessica Marisela,Bazán Villanueva  Lenin Fernando,Núñez Salas  José Antonio "," 19/12/2020 Decretado a... Salud y Población
19/12/2020 En comisión Salud y Población "
06826/2020-CR,12/31/2020,12/18/2020,Publicado El Peruano,"LEY DEL RÉGIMEN LABORAL AGRARIO Y DE INCENTIVOS PARA EL SECTOR AGRARIO Y RIEGO, AGROEXPORTADOR Y AGROINDUSTRIAL",Congreso,Multipartidario," Propone fortalecer el desarrollo del sector agrario y riego, agroexportador y agroindustrial, así como garantizar los derechos laborales de los trabajadores reconocidos por la Constitución Política del Perú y los tratados internacionales de protección de los derechos humanos, y contribuir a la competitividad y desarrollo de las actividades de estos sectores. "," Oyola Rodríguez  Juan Carlos,Alencastre Miranda  Hirma Norma,Apaza Quispe  Yessica Marisela,Burga Chuquipiondo  Ricardo Miguel,Gallardo Becerra  María Martina,Mesía Ramirez  Carlos Fernando,Núñez Salas  José Antonio,Puño Lecarnaque  Napoleón,Retamozo Lezama  María Cristina,Tocto Guerrero  Felícita Madaleine "," 18/12/2020 Decretado a... Trabajo y Seguridad Social
18/12/2020 Decretado a... Economía, Banca, Finanzas e Inteligencia Financiera
18/12/2020 En comisión Trabajo y Seguridad Social
18/12/2020 En comisión Economía, Banca, Finanzas e Inteligencia Financiera      - En Relatoría 18.12.20.
19/12/2020 Dispensado de Dictamen Trabajo y Seguridad Social      - por Acuerdo de la Junta de Portavoces
19/12/2020 Dispensado de Dictamen Economía, Banca, Finanzas e Inteligencia Financiera      - por Acuerdo de la Junta de Portavoces
19/12/2020 Pleno (en debate)       - (sesión virtual)  1/4 intermedio
19/12/2020 Texto Sustitutorio       - consensuado de los Presidentes de las Comisiones de Trabajo y de Economía, congresistas Oseda Y., y Novoa C., respectiamente
19/12/2020 Nuevo Texto       - Sustitutorio del Presidente de la Comisión de Trabajo, congresista Oseda Yucra.-En Relatoría 19.12.20.
20/12/2020 Pleno (en debate)       - (sesión virtual)
20/12/2020 Nuevo Texto       - Sustitutorio del Presidente de la Comisión de Trabajo, congresista Oseda Yucra.-En Relatoría 20.12.20.
20/12/2020 No alcanzó Nº de votos       - la cuestión previa planteada por el congresista Vásquez Becerra en el sentido que el proyecto vuelva a las comisiones de Trabajo y de Economía, y pase a la comisión Agraria; el número de abstenciones es mayor a los votos a favor y en contra
20/12/2020 Retirado       - la cuestión previa planteada por el congresista Vásquez Becerra
20/12/2020 No alcanzó Nº de votos       - la Primera Votación del Texto Sustitutorio de la comisión de Trabajo, el número de abstenciones supera a los votos a favor y en contra para la aprobación, el tema queda sin resolver
20/12/2020 Oficio       - pedido del congresista Combina S., presenta RECONSIDERACIÓN de la votación recaída en el texto sustitutorio del Proyecto de Ley 6826 y otros.-
20/12/2020 Vuelve a Comisión Economía, Banca, Finanzas e Inteligencia Financiera      - luego de aprobarse la cuestión previa planteada por el congresista Novoa Cruzado
20/12/2020 Rechazado       - Reconsideración a la votación, planteada por el congresista Combina Salvatierra.
21/12/2020 Oficio       - 1020-2020-2021-ADP-D/CR del OM, comunicando al Pdte. Comisión de Economía, congresista Novoa C., que en sesión virtual 20.12.20. aprobó  la cuestión previa  para que regrese a la Comisión Proy. 6826 y otros.
22/12/2020 Oficio       - 0051-2020-2021-CR de la congresista Bartolo R., solicita inclusión de una Disposición Complementaria.-DGP agregar a sus antecedentes
22/12/2020 Oficio       - 028-2020-2021/JCOR-CMNLPA-CR del congresista Oyola R., comunica la presentación del Proyecto de Ley , referente al régimen laboral agrario.-DGP agregar a sus antecedentes.
22/12/2020 En comisión Economía, Banca, Finanzas e Inteligencia Financiera
28/12/2020 Dictamen Favorable Sustitutorio Economía, Banca, Finanzas e Inteligencia Financiera   Mayoria
28/12/2020 En Relatoría       - Dictamen de Economía
28/12/2020 Dispensado de Publicación en el Portal       - del dictamen de la Comisión de Economía, por Acuerdo de la Junta de Portavoces
28/12/2020 Pleno (en debate)       - (sesión virtual) 1/4 intermedio
28/12/2020 Dictamen Economía, Banca, Finanzas e Inteligencia Financiera   Minoria  Quispe Apaza, Yvan - Barrionuevo Romero; Velarde Heidinger
28/12/2020 Rechazado       - la aprobación del dictamen de la comisión de Trabajo
28/12/2020 Dictamen Favorable Sustitutorio Economía, Banca, Finanzas e Inteligencia Financiera   Minoria  Quispe Apaza, Yvan
28/12/2020 Dispensado de Publicación en el Portal       - del dictamen de la Comisión de Economía, por Acuerdo de la Junta de Portavoces
28/12/2020 Dispensado de Dictamen Presupuesto y Cuenta General de la República      - por Acuerdo de la Junta de Portavoces
28/12/2020 Texto Sustitutorio       - del Presidente de la comisión de Economía, congresista Novoa Cruzado.- En Relatoría 28.12.2020
29/12/2020 No alcanzó Nº de votos       - la Primera Votación del Texto Sustitutorio de la comisión de Economía, el número de abstenciones supera a los votos a favor y en contra para la aprobación, el tema queda sin resolver
29/12/2020 Nuevo Texto       - Sustitutorio del Presidente de la Comisión de Economía, congresista Novoa Cruzado.- En Relatoría 29.12.2020
29/12/2020 Nuevo Texto       - Sustitutorio del Presidente de la Comisión de Economía, congresista Novoa Cruzado.- En Relatoría 29.12.2020
29/12/2020 Aprobado 1ra. votación       - (con excepción de la Novena Disposición Complementaria Final)
29/12/2020 No alcanzó Nº de votos       - requerido la votación de la Novena Disposición Complementaria Final
29/12/2020 Dispensado 2da Votación       - por Acuerdo del Pleno virtual
29/12/2020 Rechazado       - la Reconsideración planteada por el congresista Guibovich Arteaga a la votación de la Novena Disposición Complementaria Final
29/12/2020 Rechazado       - la Reconsideración planteada por el congresista Bazán Villanueva a la segunda votación
30/12/2020 Autógrafa   Sobre Nº: 124    - vence: 22.01.2021
30/12/2020 Promulgado  Ley   Nº: 31110
31/12/2020 Publicado       - Ley N° 31110 "
06825/2020-CR,12/18/2020,12/17/2020,En comisión,"RESOLUCIÓN LEGISLATIVA DEL CONGRESO QUE MODIFICA LOS ARTÍCULOS 15-A Y 25 DEL REGLAMENTO DEL CONGRESO DE LA REPUBLICA, PARA ADECUARLO A LA LEY 31042, QUE INCORPORÓ EL ARTÍCULO 34-A EN LA CONSTITUCIÓN POLÍTICA DE 1993",Congreso,Partido Morado," Propone modificar los artículos 15-A y 25 del Reglamento del Congreso de la República, para adecuarlo a la Ley 31042, que incorporó el artículo 34-A en la Constitución Política de 1993 "," Lizárraga Houghton  Carolina,De Belaunde De Cárdenas  Alberto,Gonzales Santos  Miguel Angel,Núñez Salas  José Antonio,Olivares Cortes  Daniel Federico,Palomino Saavedra  Angélica María "," 18/12/2020 Decretado a... Constitución y Reglamento
18/12/2020 En comisión Constitución y Reglamento "
06824/2020-CR,12/18/2020,12/17/2020,En comisión,LEY DE LOS TRABAJADORES ESTIBADORES,Congreso,Frente Popular Agrícola del Perú," Propone regular las relaciones laborales de los trabajadores estibadores terrestres que realizan sus actividades en centros comerciales, mercados, terminales terrestres o en establecimientos análogos. "," Cayguaray Gambini  Luz Milagros,Benites Agurto  Alfredo,Gutarra Ramos  Robledo Noé,Núñez Marreros  Jesús del Carmen,Rayme Marín  Alcides,Retamozo Lezama  María Cristina "," 18/12/2020 Decretado a... Trabajo y Seguridad Social
18/12/2020 En comisión Trabajo y Seguridad Social "
06823/2020-CR,12/18/2020,12/17/2020,En comisión,LEY QUE FACILITA EL PAGO DE LAS DEUDAS TRIBUTARIAS DE LOS EMPRENDEDORES PARA REACTIVAR LA PRODUCCIÓN EN LA LUCHA CONTRA LA PANDEMIA,Congreso,Frente Popular Agrícola del Perú, Propone facilitar el pago de las deudas tributarias de los empleadores para reactivar la producción en la lucha contra la pandemia ," Cayguaray Gambini  Luz Milagros,Benites Agurto  Alfredo,Gutarra Ramos  Robledo Noé,Núñez Marreros  Jesús del Carmen,Rayme Marín  Alcides,Retamozo Lezama  María Cristina "," 18/12/2020 Decretado a... Economía, Banca, Finanzas e Inteligencia Financiera
18/12/2020 En comisión Economía, Banca, Finanzas e Inteligencia Financiera "
06822/2020-CR,12/18/2020,12/17/2020,En comisión,"LEY QUE MODIFICA EL DECRETO SUPREMO 005-2020-MTC, SOBRE REQUISITO MINIMOS DE CALIDAD PARA LA IMPORTACIÓN DE VEHÍCULOS USADOS, PARA LA REACTIVACIÓN ECONÓMICA DEL PEQUEÑO EMPRESARIO EMPRENDEDOR DE AUTOS USADOS",Congreso,Acción Popular," Propone modificar el Decreto Supremo 005-2020-MTC, sobre requisitos mínimos de calidad para la importación de vehículos usados, para la reactivación económica del pequeño empresario emprendedor de autos usado "," Llaulli Romero  Freddy,Aguilar Zamora  Manuel,Bajonero Olivas  Wilmer Solis,Durand Bustamante  Kenyon Eduardo,Fabián Díaz  Yessy Nélida,García Oviedo  Paul Gabriel "," 18/12/2020 Decretado a... Transportes y Comunicaciones
18/12/2020 En comisión Transportes y Comunicaciones "
06821/2020-CR,12/31/2020,12/17/2020,Publicado El Peruano,LEY PARA LA JUSTIFICA LABORAL Y FISCAL EN EL SECTOR AGRARIO Y DE AGROEXPORTACIÓN,Congreso,"Frente Amplio por Justicia, Vida y Libertad", Propone establecer condiciones labores dignas y medidas para la justicia tributaria en el sector agrario y de agroexportación ," Bazán Villanueva  Lenin Fernando,Ancalle Gutierrez  José Luis,Montoya Guivin  Absalón,Quispe Apaza  Yvan,Silva Santisteban Manrique  Rocío Yolanda Angélica,Vásquez Chuquilin  Mirtha Esther "," 18/12/2020 Decretado a... Trabajo y Seguridad Social
18/12/2020 Decretado a... Presupuesto y Cuenta General de la República
18/12/2020 En comisión Trabajo y Seguridad Social
18/12/2020 En comisión Presupuesto y Cuenta General de la República
19/12/2020 Texto Sustitutorio       - consensuado de los Presidentes de las Comisiones de Trabajo y de Economía, congresistas Oseda Y., y Novoa C., respectiamente, acumula el Proy. 6821
19/12/2020 Nuevo Texto       - Sustitutorio del Presidente de la Comisión de Trabajo, congresista Oseda Yucra.-En Relatoría 19.12.20.
20/12/2020 Pleno (en debate)       - (sesión virtual)
20/12/2020 Nuevo Texto       - Sustitutorio del Presidente de la Comisión de Trabajo, congresista Oseda Yucra.-En Relatoría 20.12.20.
20/12/2020 No alcanzó Nº de votos       - la cuestión previa planteada por el congresista Vásquez Becerra en el sentido que el proyecto vuelva a las comisiones de Trabajo y de Economía, y pase a la comisión Agraria; el número de abstenciones es mayor a los votos a favor y en contra
20/12/2020 Retirado       - la cuestión previa planteada por el congresista Vásquez Becerra
20/12/2020 No alcanzó Nº de votos       - la Primera Votación del Texto Sustitutorio de la comisión de Trabajo, el número de abstenciones supera a los votos a favor y en contra para la aprobación, el tema queda sin resolver
20/12/2020 Oficio       - pedido del congresista Combina S., presenta RECONSIDERACIÓN de la votación recaída en el texto sustitutorio del Proyecto de Ley 6826 y otros.-
20/12/2020 Vuelve a Comisión Economía, Banca, Finanzas e Inteligencia Financiera      - luego de aprobarse la cuestión previa planteada por el congresista Novoa Cruzado
20/12/2020 Rechazado       - Reconsideración a la votación, planteada por el congresista Combina Salvatierra.
21/12/2020 Oficio       - 1020-2020-2021-ADP-D/CR del OM, comunicando al Pdte. Comisión de Economía, congresista Novoa C., que en sesión virtual 20.12.20. aprobó  la cuestión previa  para que regrese a la Comisión Proy. 6826 y otros.
22/12/2020 Oficio       - 0051-2020-2021-CR de la congresista Bartolo R., solicita inclusión de una Disposición Complementaria.-DGP agregar a sus antecedentes
22/12/2020 Oficio       - 028-2020-2021/JCOR-CMNLPA-CR del congresista Oyola R., comunica la presentación del Proyecto de Ley , referente al régimen laboral agrario.-DGP agregar a sus antecedentes.
22/12/2020 En comisión Economía, Banca, Finanzas e Inteligencia Financiera
28/12/2020 Dictamen Favorable Sustitutorio Economía, Banca, Finanzas e Inteligencia Financiera   Mayoria
28/12/2020 En Relatoría       - Dictamen de Economía
28/12/2020 Pleno (en debate)       - (sesión virtual) 1/4 intermedio
28/12/2020 Dictamen Economía, Banca, Finanzas e Inteligencia Financiera   Minoria  Quispe Apaza, Yvan - Barrionuevo Romero; Velarde Heidinger
28/12/2020 Rechazado       - la aprobación del dictamen de la comisión de Trabajo
28/12/2020 Dictamen Favorable Sustitutorio Economía, Banca, Finanzas e Inteligencia Financiera   Minoria  Quispe Apaza, Yvan
28/12/2020 Dispensado de Publicación en el Portal       - del dictamen de la Comisión de Economía, por Acuerdo de la Junta de Portavoces
28/12/2020 Dispensado de Dictamen Presupuesto y Cuenta General de la República      - por Acuerdo de la Junta de Portavoces
28/12/2020 Texto Sustitutorio       - del Presidente de la comisión de Economía, congresista Novoa Cruzado.- En Relatoría 28.12.2020
29/12/2020 No alcanzó Nº de votos       - la Primera Votación del Texto Sustitutorio de la comisión de Economía, el número de abstenciones supera a los votos a favor y en contra para la aprobación, el tema queda sin resolver
29/12/2020 Nuevo Texto       - Sustitutorio del Presidente de la Comisión de Economía, congresista Novoa Cruzado.- En Relatoría 29.12.2020
29/12/2020 Nuevo Texto       - Sustitutorio del Presidente de la Comisión de Economía, congresista Novoa Cruzado.- En Relatoría 29.12.2020
29/12/2020 Aprobado 1ra. votación       - (con excepción de la Novena Disposición Complementaria Final)
29/12/2020 No alcanzó Nº de votos       - requerido la votación de la Novena Disposición Complementaria Final
29/12/2020 Dispensado 2da Votación       - por Acuerdo del Pleno virtual
29/12/2020 Rechazado       - la Reconsideración planteada por el congresista Guibovich Arteaga a la votación de la Novena Disposición Complementaria Final
29/12/2020 Rechazado       - la Reconsideración planteada por el congresista Bazán Villanueva a la segunda votación
30/12/2020 Autógrafa   Sobre Nº: 124    - vence: 22.01.2021
30/12/2020 Promulgado  Ley   Nº: 31110
31/12/2020 Publicado       - Ley N° 31110 "
06820/2020-CR,12/18/2020,12/17/2020,En comisión,LEY PARA LA PROTECCIÓN DE LOS DERECHOS FUNDAMENTALES DE LOS TRABAJADORES TERCERIZADOS,Congreso,"Frente Amplio por Justicia, Vida y Libertad", Propone modificar diversas normas de nuestro ordenamiento jurídico con el objeto de asegurar los derechos fundamentales de los trabajadores tercerizados ," Silva Santisteban Manrique  Rocío Yolanda Angélica,Ancalle Gutierrez  José Luis,Bazán Villanueva  Lenin Fernando,Fernández Chacón  Carlos Enrique,Montoya Guivin  Absalón,Quispe Apaza  Yvan,Vásquez Chuquilin  Mirtha Esther "," 18/12/2020 Decretado a... Trabajo y Seguridad Social
18/12/2020 En comisión Trabajo y Seguridad Social "
06819/2020-CR,12/18/2020,12/16/2020,En comisión,"LEY QUE EXTIENDE LOS BENEFICIOS DE LA LEY 26511, AL PERSONAL MILITAR, LICENCIADOS Y PERSONAL CIVIL DE LAS FUERZAS ARMADAS QUE PARTICIPARON EN EL CONFLICTO DEL CENEPA 1995",Congreso,Unión por el Perú," Propone extender los beneficios de la Ley 26511, al personal militar, licenciados y personal civil de las Fuerzas Armadas que participaron en el conflicto del Cenepa 1995 "," Chavarría Vilcatoma  Roberto Carlos,Vega Antonio  José Alejandro,Apaza Quispe  Yessica Marisela,Lozano Inostroza  Alexander,Maquera Chavez  Héctor Simon,Mendoza Marquina  Javier "," 18/12/2020 Decretado a... Defensa Nacional, Orden Interno, Desarrollo Alternativo y Lucha Contra las Drogas
18/12/2020 Decretado a... Presupuesto y Cuenta General de la República
18/12/2020 En comisión Defensa Nacional, Orden Interno, Desarrollo Alternativo y Lucha Contra las Drogas
18/12/2020 En comisión Presupuesto y Cuenta General de la República "
06818/2020-CR,12/18/2020,12/16/2020,En comisión,"LEY PARA PROMOVER EL RETIRO FACULTATIVO DE HASTA 1 UIT DE LOS APORTES DE LA DERRAMA MAGISTERIAL, BENEFICIANDO A LOS PROFESORES MÁS VULNERABLES",Congreso,Frente Popular Agrícola del Perú," Propone el retiro facultativo  de hasta 1 UIT de los aportes de la derrama magisterial, beneficiando a los profesores más vulnerables "," Céspedes Cárdenas  María Teresa,Cayllahua Barrientos  Wilmer,Gutarra Ramos  Robledo Noé,Huamán Champi  Juan de Dios,Machaca Mamani  Raúl,Pineda Santos  Isaías "," 18/12/2020 Decretado a... Economía, Banca, Finanzas e Inteligencia Financiera
18/12/2020 En comisión Economía, Banca, Finanzas e Inteligencia Financiera "
06817/2020-CR,12/18/2020,12/16/2020,En comisión,LEY QUE PROMUEVE EL PAGO DE LA DEUDA TRIBUTARIA Y ADUANERA COMO CONTINGENTE DE CASOS QUE SE ENCUENTRAN INMERSOS EN PROCESOS ADMINISTRATIVOS Y JUDICIALES,Congreso,Acción Popular," Propone promover el pago de deudas tributarias y aduaneras como contingente de casos que se encuentran inmersos en procesos administrativos y judiciales, con la finalidad de generar ingresos en beneficio del Estado. "," Vásquez Becerra  Jorge,García Oviedo  Paul Gabriel,Guibovich Arteaga  Otto Napoleón,Inga Sales  Leonardo,Salinas López  Franco,Simeón Hurtado  Luis Carlos "," 18/12/2020 Decretado a... Economía, Banca, Finanzas e Inteligencia Financiera
18/12/2020 En comisión Economía, Banca, Finanzas e Inteligencia Financiera "
06816/2020-PE,12/18/2020,12/16/2020,En comisión,LEY DE DELIMITACIÓN TERRITORIAL ENTRE LAS PROVINCIAS DE CHINCHA (ICA) Y CAÑETE (LIMA),Poder Ejecutivo,," Propone delimitar el sector de colindancia entre la provincia de Chincha (Ica y la provincia de Cañete (Lima). (Proyecto actualizado por acuerdo del Consejo Directivo de fecha 11 de diciembre de 2020, núm. anterior 10861/2003-PE). ", ," 18/12/2020 Decretado a... Descentralización, Regionalización, Gobiernos Locales y Modernización de la Gestión del Estado
18/12/2020 En comisión Descentralización, Regionalización, Gobiernos Locales y Modernización de la Gestión del Estado "
06815/2020-CR,12/18/2020,12/15/2020,En comisión,"LEY QUE MODIFICA EL ARTÍCULO 26 DE LA LEY 28036, LEY DE PROMOCIÓN Y DESARROLLO DEL DEPORTE",Congreso,Alianza Para el Progreso, Propone modificar el artículo 26 de la Ley 28036 Ley de promoción y desarrollo del deporte. ," Merino Lopez  Omar,Carcausto Huanca  Irene,Combina Salvatierra  Cesar Augusto,Rivas Ocejo  Perci,Rodas Malca  Tania Rosalia,Santillana Paredes  Robertina "," 18/12/2020 Decretado a... Educación, Juventud y Deporte
18/12/2020 En comisión Educación, Juventud y Deporte "
06814/2020-CR,12/18/2020,12/15/2020,En comisión,"LEY QUE MODIFICA EL DECRETO LEGISLATIVO 1154, PARA AUTORIZAR LOS SERVICIOS COMPLEMENTARIOS AL PERSONAL ASISTENCIAL DE LA SALUD",Congreso,Fuerza Popular," Propone modificar los 1 y 2 del Decreto Legislativo 1154, para autorizar los servicios complementarios en Salud, a fin de mejorar el acceso a los servicios de Salud "," Vigo Gutiérrez  Widman Napoleón,Alonzo Fernández  Gilbert Juan,Zarate Anton  Edward Alexander,Pinedo Achaca  Liliana Angélica,Ayasta de Díaz  Rita Elena,Lizana Santos  Mártires "," 18/12/2020 Decretado a... Presupuesto y Cuenta General de la República
18/12/2020 Decretado a... Salud y Población
18/12/2020 En comisión Presupuesto y Cuenta General de la República
18/12/2020 En comisión Salud y Población "
06813/2020-CR,12/18/2020,12/15/2020,En comisión,LEY QUE PROPONE LA MODIFICACIÓN  DE LA DENOMINACIÓN DEL COLEGIO DE PERIODISTAS PARA LA INCORPORACIÓN DE LOS COMUNICADORES DEL PERÚ,Congreso,Acción Popular," Propone modificar la denominación del Colegio de Periodistas, con la finalidad de incorporar a los comunicadores profesionales del Perú. "," Inga Sales  Leonardo,Aguilar Zamora  Manuel,Fabián Díaz  Yessy Nélida,García Oviedo  Paul Gabriel,Salinas López  Franco,Vásquez Becerra  Jorge "," 18/12/2020 Decretado a... Educación, Juventud y Deporte
18/12/2020 En comisión Educación, Juventud y Deporte "
06812/2020-CR,12/18/2020,12/15/2020,En comisión,"LEY QUE CREA EL SERVICIO INICIAL PROFESIONAL PERUANO, PARA EL FORTALECIMIENTO DE LA FORMACIÓN DE PROFESIONALES (SERIPRO-PERÚ)",Congreso,Acción Popular," Propone crear el servicio inicial profesional peruano, para el fortalecimienteo de la formación de profesionales (SERIPRO-PERÚ) "," Vásquez Becerra  Jorge,García Oviedo  Paul Gabriel,Guibovich Arteaga  Otto Napoleón,Inga Sales  Leonardo,Salinas López  Franco,Simeón Hurtado  Luis Carlos "," 18/12/2020 Decretado a... Trabajo y Seguridad Social
18/12/2020 En comisión Trabajo y Seguridad Social "
06811/2020-CR,12/18/2020,12/15/2020,En comisión,LEY QUE DECLARA DE INTERÉS NACIONAL Y NECESIDAD PÚBLICA LA CREACIÓN DEL DISTRITO DE PACHACUTEC EN LA PROVINCIA CONSTITUCIONAL DEL CALLAO,Congreso,Acción Popular, Propone declarar de interés nacional y necesidad pública la creación del distrito de Pachacutec en la provincia Constitucional del Callao. ," García Oviedo  Paul Gabriel,Aguilar Zamora  Manuel,Fabián Díaz  Yessy Nélida,Novoa Cruzado  Anthony Renson,Pérez Ochoa  Carlos Andrés,Salinas López  Franco "," 18/12/2020 Decretado a... Descentralización, Regionalización, Gobiernos Locales y Modernización de la Gestión del Estado
18/12/2020 En comisión Descentralización, Regionalización, Gobiernos Locales y Modernización de la Gestión del Estado "
06810/2020-PE,12/30/2020,12/15/2020,Presentado,LEY QUE MODIFICA LA LEY DEL IMPUESTO A LA RENTA/REFERIDO AL TRATAMIENTO APLICABLE A LA DEDUCCIÓN DE GASTOS POR INTERESES,Poder Ejecutivo,," Propone modificar el inciso a) del artículo 37 de la Ley del Impuesto a la Renta, referido al tratamiento aplicable a la deducción de gastos por intereses para la determinación del impuesto a la Renta de tercera categoría y la Única Disposición Complementaria Modificatoria del Decreto Legislativo 1424, Decreto Legislativo que modifica la Ley del Impuesto a la Renta ", ," 15/12/2020 Decretado a... Economía, Banca, Finanzas e Inteligencia Financiera
16/12/2020 En comisión Economía, Banca, Finanzas e Inteligencia Financiera      - En Relatoría 19.12.20
28/12/2020 Dictamen Favorable Sustitutorio Economía, Banca, Finanzas e Inteligencia Financiera   Unanimidad   - En Relatoría 28.12.20.
28/12/2020 Dispensado de Publicación en el Portal       - del dictamen de la comisión de Economía, por Acuerdo de la Junta de Portavoces
29/12/2020 Pleno (en debate)       - (sesión virtual)
29/12/2020 No alcanzó Nº de votos       - la Primera Votación del Texto Sustitutorio de la comisión de Economía, el número de abstenciones supera a los votos a favor y en contra para la aprobación, el tema queda sin resolver
30/12/2020 Pleno (en debate)       - (sesión virtual)
30/12/2020 No alcanzó Nº de votos       - la aprobación de la Primera Votación, pasa al Archivo "
06809/2020-PE,12/31/2020,12/15/2020,Publicado El Peruano,LEY QUE MODIFICA LA LEY DEL IMPUESTO A LA RENTA,Poder Ejecutivo,," Propone modificar el Texto Único Ordenado Ley del Impuesto a la Renta aprobada por el Decreto Supremo 179-2004-EF a fin de flexibilizar las obligaciones formales aplicables a las personas naturales, sucesiones indivisas o sociedades conyugales que optaron por tributar como tales, domiciliadas en el país que obtengan exclusivamente rentas o pérdidas de tercera categoría generadas por fondos de inversión, patrimonios fideicometidos de sociedadaes titulizadoras y/o fideicomisos bancarios, cuando provengan del desarrollo o ejecución de un negocio o empresa. ", ," 15/12/2020 Decretado a... Economía, Banca, Finanzas e Inteligencia Financiera
16/12/2020 En comisión Economía, Banca, Finanzas e Inteligencia Financiera      - En Relatoría 19.12.20
28/12/2020 Dictamen Favorable Economía, Banca, Finanzas e Inteligencia Financiera   Unanimidad   - En Relatoría 28.12.20.
28/12/2020 Dispensado de Publicación en el Portal       - del dictamen de la comisión de Economía, por Acuerdo de la Junta de Portavoces
29/12/2020 Pleno (en debate)       - (sesión virtual)
29/12/2020 Aprobado 1ra. votación
29/12/2020 Dispensado 2da Votación       - por Acuerdo del Pleno virtual
30/12/2020 Autógrafa   Sobre Nº: 126    - vence: 22.01.2021
30/12/2020 Promulgado  Ley   Nº: 31108
31/12/2020 Publicado       - Ley N° 31108 "
06808/2020-PE,12/31/2020,12/15/2020,Publicado El Peruano,LEY QUE MODIFICA EL DECRETO LEGISLATIVO 1488 DECRETO LEGISLATIVO QUE ESTABLECE UN RÉGIMEN ESPECIAL DE DEPRECIACIÓN Y MODIFICA PLAZOS DE DEPRECIACIÓN,Poder Ejecutivo,, Propone modificar el Decreto Legislativo 1488 Decreto Legislativo que establece un régimen especial de depreciación y modifica plazos de depreciació , ," 15/12/2020 Decretado a... Economía, Banca, Finanzas e Inteligencia Financiera
16/12/2020 En comisión Economía, Banca, Finanzas e Inteligencia Financiera      - En Relatoría 19.12.20
28/12/2020 Dictamen Favorable Economía, Banca, Finanzas e Inteligencia Financiera   Unanimidad   - En Relatoría 28.12.20.
28/12/2020 Dispensado de Publicación en el Portal       - del dictamen de la comisión de Economía, por Acuerdo de la Junta de Portavoces
28/12/2020 Pleno (en debate)       - (sesión virtual)
28/12/2020 Aprobado 1ra. votación
28/12/2020 Dispensado 2da Votación       - por Acuerdo del Pleno virtual
30/12/2020 Autógrafa   Sobre Nº: 127    - vence: 22.01.2021
30/12/2020 Promulgado  Ley   Nº: 31107
31/12/2020 Publicado       - Ley N° 31107 "
06807/2020-PE,12/31/2020,12/15/2020,Publicado El Peruano,"LEY QUE ESTABLECE MEDIDAS EXCEPCIONALES EN MATERIA DEL IMPUESTO TEMPORAL A LOS ACTIVOS NETOS, MODIFICA EL DECRETO LEGISLATIVO 1275, DECRETO LEGISLATIVO QUE APRUEBA EL MARCO DE LA RESPONSABILIDAD Y TRANSPARENCIA FISCAL DE LOS GOBIERNOS REGIONALES Y GOBIERNOS LOCALES Y MODIFICA EL DECRETO LEGISLATIVO 1508, DECRETO LEGISLATIVO QUE CREA EL PROGRAMA DE GARANTÍA DEL GOBIERNO NACIONAL A LA CARTERA CREDITICIA DE LAS EMPRESAS DEL SISTEMA FINANCIERO",Poder Ejecutivo,," Propone establecer medidas excepcionales en materia del impuesto Temporal a los Activos Netos, modifica el Decreto Legislativo 1275, Decreto Legislativo que aprueba el Marco de la Responsabilidad y Transparencia Fiscal de los Gobiernos Regionales y Gobiernos Locales y modifica el Decreto Legislativo 1508, Decreto Legislativo que crea el Programa de Garantía del Gobierno Nacional a la cartera crediticia de las Empresas del Sistema Financiero ", ," 15/12/2020 Decretado a... Economía, Banca, Finanzas e Inteligencia Financiera
16/12/2020 En comisión Economía, Banca, Finanzas e Inteligencia Financiera      - En Relatoría 19.12.20
28/12/2020 Dictamen Favorable Economía, Banca, Finanzas e Inteligencia Financiera   Unanimidad   - En Relatoría 28.12.20.
28/12/2020 Dispensado de Publicación en el Portal       - del dictamen de la comisión de Economía, por Acuerdo de la Junta de Portavoces
29/12/2020 Pleno (en debate)       - (sesión virtual)
29/12/2020 Aprobado 1ra. votación
29/12/2020 Dispensado 2da Votación       - por Acuerdo del Pleno virtual
30/12/2020 Autógrafa   Sobre Nº: 128    - vence: 22.01.2021
30/12/2020 Promulgado  Ley   Nº: 31104
31/12/2020 Publicado       - Ley N° 31104 "
06806/2020-PE,12/31/2020,12/15/2020,Publicado El Peruano,LEY QUE PRORROGA LA VIGENCIA DE BENEFICIOS Y EXONERACIONES TRIBUTARIAS,Poder Ejecutivo,, Propone prorrogar la vigencia de beneficios y exoneraciones tributarias , ," 15/12/2020 Decretado a... Economía, Banca, Finanzas e Inteligencia Financiera
16/12/2020 En comisión Economía, Banca, Finanzas e Inteligencia Financiera      - En Relatoría 19.12.20
23/12/2020 Dictamen Favorable Economía, Banca, Finanzas e Inteligencia Financiera   Unanimidad   - En Relatoría 23.12.20.
28/12/2020 Dispensado de Publicación en el Portal       - del dictamen de la comisión de Economía, por Acuerdo de la Junta de Portavoces
29/12/2020 Pleno (en debate)       - (sesión virtual)
29/12/2020 Aprobado 1ra. votación
29/12/2020 Dispensado 2da Votación       - por Acuerdo del Pleno virtual
30/12/2020 Autógrafa   Sobre Nº: 129    - vence: 22.01.2021
30/12/2020 Promulgado  Ley   Nº: 31105
31/12/2020 Publicado       - Ley N° 31105 "
06805/2020-PE,12/31/2020,12/15/2020,Publicado El Peruano,LEY QUE PRORROGA  LA VIGENCIA DE LAS EXONERACIONES CONTENIDAS EN EL ARTÍCULO 19 DEL TEXTO ÚNICO ORDENADO DE LA LEY DEL IMPUESTO A LA RENTA,Poder Ejecutivo,, Propone prorrogar la vigencia de las exoneraciones contenidas en el artículo 19 del Texto Único Ordenado de la Ley del Impuesto a la Renta , ," 15/12/2020 Decretado a... Economía, Banca, Finanzas e Inteligencia Financiera
16/12/2020 En comisión Economía, Banca, Finanzas e Inteligencia Financiera      - En Relatoría 19.12.20.
23/12/2020 Dictamen Favorable Sustitutorio Economía, Banca, Finanzas e Inteligencia Financiera   Unanimidad   - En Relatoría 23.12.20.
28/12/2020 Dispensado de Publicación en el Portal       - del dictamen de la comisión de Economía, por Acuerdo de la Junta de Portavoces
28/12/2020 Pleno (en debate)       - (sesión virtual)
28/12/2020 Aprobado 1ra. votación
28/12/2020 Dispensado 2da Votación       - por Acuerdo del Pelno virtual
30/12/2020 Autógrafa   Sobre Nº: 130    - vence: 22.01.2021
30/12/2020 Promulgado  Ley   Nº: 31106
31/12/2020 Publicado       - Ley N° 31106 "
06804/2020-CR,12/16/2020,12/15/2020,En comisión,"LEY DE REFORMA CONSTITUCIONAL QUE MODIFICA EL ARTÍCULO 99, Y ESTABLECE EL PERIODO TEMPORAL DE PERMANENCIA EN TERRITORIO PERUANO DE LOS EX PRESIDENTES DE LA REPÚBLICA",Congreso,Frente Popular Agrícola del Perú, Propone ley de  Reforma Constitucional que modifica el artículo 99 de la Constitución Política del Perú y establece el periodo temporal de permanencia en territorio peruano de los Ex Presidentes de la República ," Machaca Mamani  Raúl,Ayquipa Torres  Julia Benigna,Benites Agurto  Alfredo,Cayguaray Gambini  Luz Milagros,Núñez Marreros  Jesús del Carmen,Pineda Santos  Isaías,Rayme Marín  Alcides "," 15/12/2020 Decretado a... Constitución y Reglamento
16/12/2020 En comisión Constitución y Reglamento "
06803/2020-CR,12/16/2020,12/15/2020,En comisión,"LEY QUE DECLARA DE INTERÉS NACIONAL Y NECESIDAD PÚBLICA EL PROYECTO """"RECUPERACIÓN DEL ECOSISTEMA DEGRADADA A TRAVÉS DE COBERTURA VEGETAL EN EL DISTRITO DE MARANGANI - PROVINCIA DE CANCHIS - DEPARTAMENTO DE CUSCO",Congreso,Acción Popular," Propone declarar de interés nacional y necesidad pública el proyecto """"Recuperación del ecosistema degradada a través de cobertura vegetal en el distrito de Marangani - provincia de Canchis - departamento de Cusco "," Vásquez Becerra  Jorge,García Oviedo  Paul Gabriel,Guibovich Arteaga  Otto Napoleón,Inga Sales  Leonardo,Salinas López  Franco,Troyes Delgado  Hans "," 15/12/2020 Decretado a... Pueblos Andinos, Amazónicos y Afroperuanos, Ambiente y Ecología
16/12/2020 En comisión Pueblos Andinos, Amazónicos y Afroperuanos, Ambiente y Ecología "
06802/2020-CR,12/16/2020,12/15/2020,En comisión,"LEY QUE DECLARA DE NECESIDAD PÚBLICA E INTERÉS NACIONAL LA EJECUCIÓN DEL PROYECTO """"MEJORAMIENTO DEL SERVICIO DE AGUA PARA RIEGO EN LAS COMUNIDADES DE LA CUENCA DEL RÍO CCOCHAC EN EL DISTRITO DE CALCA, PROVINCIA DE CALCA REGIÓN CUSCO",Congreso,Acción Popular," Propone declarar de necesidad publica interés nacional la ejecución del proyecto """"Mejoramiento del servicio de agua para riego en las comunidades de la cuenca del río Ccochoc en el distrito de Calca, provincia de Calca región Cusc "," Vásquez Becerra  Jorge,Fabián Díaz  Yessy Nélida,García Oviedo  Paul Gabriel,Inga Sales  Leonardo,Salinas López  Franco,Troyes Delgado  Hans "," 15/12/2020 Decretado a... Agraria
16/12/2020 En comisión Agraria "
06801/2020-CR,12/16/2020,12/14/2020,En comisión,"LEY QUE DECLARA DE INTERÉS NACIONAL Y NECESIDAD PÚBLICA LA CONSTRUCCIÓN DE LA REPRESA YAMOBAMBA, EN LA PROVINCIA DE OTUZCO, DEL DEPARTAMENTO DE LA LIBERTAD",Congreso,Fuerza Popular," Propone declarar de interés nacional y necesidad publica la construcción de la represa Yamobamba, en la provincia de Otuzco, del departamento de La Libertad "," Vivanco Reyes  Miguel Angel,Alonzo Fernández  Gilbert Juan,Ayasta de Díaz  Rita Elena,Pinedo Achaca  Liliana Angélica,Silupu Inga  María Luisa,Vigo Gutiérrez  Widman Napoleón "," 15/12/2020 Decretado a... Agraria
16/12/2020 En comisión Agraria "
06800/2020-CR,12/16/2020,12/14/2020,En comisión,LEY QUE CREA EL REGISTRO DE PRODUCTORES DE CAÑA DE AZÚCAR Y ESTABLECE SANCIONES PARA LOS PRODUCTORES QUE REALIZAN LA QUEMA DE LA CAÑA DE AZÚCAR PERJUDICANDO LA SALUD DE LA POBLACIÓN Y EL MEDIO AMBIENTE,Congreso,Fuerza Popular, Propone crear el Registro de Productores de Caña de Azúcar y establece sanciones para los productores que realizan la quema de la caña de azúcar perjudicando la salud de la población y el medio ambient ," Vivanco Reyes  Miguel Angel,Alonzo Fernández  Gilbert Juan,Ayasta de Díaz  Rita Elena,Pinedo Achaca  Liliana Angélica,Silupu Inga  María Luisa,Tito Ortega  Erwin "," 15/12/2020 Decretado a... Agraria
16/12/2020 En comisión Agraria "
06799/2020-CR,12/16/2020,12/14/2020,En comisión,"LEY QUE MODIFICA  EL ARTÍCULO 31 DE LA LEY 30003, LEY QUE REGULA EL RÉGIMEN ESPECIAL DE SEGURIDAD SOCIAL PARA LOS TRABAJADORES Y PENSIONISTAS PESQUEROS",Congreso,Fuerza Popular," Propone modificar el artículo 31 de la Ley 30003, Ley que regula el Régimen Especial de Seguridad Social para los trabajadores y pensionistas pesquero "," Pichilingue Gomez  Marcos Antonio,Alonzo Fernández  Gilbert Juan,Tito Ortega  Erwin,Vigo Gutiérrez  Widman Napoleón,Vivanco Reyes  Miguel Angel,Zarate Anton  Edward Alexander "," 15/12/2020 Decretado a... Trabajo y Seguridad Social
16/12/2020 En comisión Trabajo y Seguridad Social "
06798/2020-CR,12/16/2020,12/14/2020,En comisión,LEY QUE GARANTIZA Y DINAMIZA LA INVERSIÓN DEL PLAN DE CIERRE DE BRECHAS PARA LA POBLACIÓN DEL ÁMBITO PETROLERO DEL DEPARTAMENTO DE REGIÓN LORETO,Congreso,Frente Popular Agrícola del Perú, Propone garantizar y dinamiza la inversión del Plan de Cierre de brechas para la población del ámbito petrolero del departamento de región Loreto ," Cayguaray Gambini  Luz Milagros,Benites Agurto  Alfredo,Núñez Marreros  Jesús del Carmen,Oseda Yucra  Daniel,Pineda Santos  Isaías,Rayme Marín  Alcides "," 15/12/2020 Decretado a... Presupuesto y Cuenta General de la República
16/12/2020 En comisión Presupuesto y Cuenta General de la República "
06797/2020-CR,12/16/2020,12/14/2020,En comisión,"LEY QUE MODIFICA EL ARTÍCULO 4 DE LA LEY 29337, PARA AUTORIZAR A LOS GOBIERNOS REGIONALES Y LOCALES QUE DISPONGAN HASTA EL 25% DE LA DISPONIBILIDAD PRESUPUESTARIA PARA APOYAR COMPETITIVIDAD PRODUCTIVA, EN EL",Congreso,Fuerza Popular," Propone modificar el artículo 4 de la Ley 29337, para autorizar a los Gobiernos Regionales y Locales que dispongan hasta el 25% de la disponibilidad presupuestaria para apoyar la competitividad productiva, en el marco de la reactivación económica producida por el COVID-1 "," Vigo Gutiérrez  Widman Napoleón,Alonzo Fernández  Gilbert Juan,Mesía Ramirez  Carlos Fernando,Pichilingue Gomez  Marcos Antonio,Vivanco Reyes  Miguel Angel,Zarate Anton  Edward Alexander "," 15/12/2020 Decretado a... Economía, Banca, Finanzas e Inteligencia Financiera
16/12/2020 En comisión Economía, Banca, Finanzas e Inteligencia Financiera "
06796/2020-CR,12/16/2020,12/14/2020,En comisión,"LEY QUE AUTORIZA, EXCEPCIONALMENTE, MANTENER LA CONTRATACIÓN DEL PERSONAL ASISTENCIAL DE SALUD CON CONTRATO EN EL MARCO DEL DECRETO DE URGENCIA 055-2020, MIENTRAS SUBSISTA LA EMERGENCIA SANITARIA",Congreso,Fuerza Popular," Propone autorizar, excepcionalmente, mantener la contratación del personal asistencial de salud con contrato en el marco del Decreto de Urgencia 055-2020, mientras subsista la emergencia sanitaria "," Vigo Gutiérrez  Widman Napoleón,Alonzo Fernández  Gilbert Juan,Mesía Ramirez  Carlos Fernando,Pichilingue Gomez  Marcos Antonio,Vivanco Reyes  Miguel Angel,Zarate Anton  Edward Alexander "," 15/12/2020 Decretado a... Presupuesto y Cuenta General de la República
16/12/2020 En comisión Presupuesto y Cuenta General de la República "
06795/2020-CR,12/16/2020,12/14/2020,En comisión,"LEY QUE DENOMINA UNIVERSIDAD NACIONAL DE FRONTERA AL INSTITUTO DE EDUCACIÓN SUPERIOR TECNOLÓGICO PÚBLICO """"SAN IGNACIO""""",Congreso,Descentralización Democrática," Propone ley que denomina Universidad Nacional de Frontera al Instituto de Educación Superior Tecnológico Público """"San Ignacio"""", con sede en la provincia y distrito de San Ignacio departamento de Cajamarc "," Tocto Guerrero  Felícita Madaleine,Barrionuevo Romero  Betto,Gonzales Tuanama  César,Vásquez Tan  Grimaldo,Yupanqui Miñano  Mariano Andrés "," 15/12/2020 Decretado a... Educación, Juventud y Deporte
16/12/2020 En comisión Educación, Juventud y Deporte "
06794/2020-CR,12/16/2020,12/14/2020,En comisión,LEY PARA LA GESTIÓN Y PROMOCIÓN DE CIUDADES SOSTENIBLES,Congreso,Partido Morado," Propone establecer el marco institucional para la planificación y creación de condiciones adecuadas para lograr el desarrollo de ciudades sostenibles en el territorio nacional, con un ambiente equilibrado, inclusivas y sostenibles, planificadas y gestionadas de manera participativa e integrada de los centros poblados del país "," Olivares Cortes  Daniel Federico,Costa Santolalla  Gino Francisco,De Belaunde De Cárdenas  Alberto,Núñez Salas  José Antonio,Palomino Saavedra  Angélica María,Solis Gutiérrez  Zenaida "," 15/12/2020 Decretado a... Vivienda y Construcción
16/12/2020 En comisión Vivienda y Construcción "
.,,,,,,,,,
,,,,,,,,,
